comment_id,platform,source_type,topic,comment_text,sentiment,intent,spam
673,YouTube,video,music,That is a reasonable way to look at it for a small business.,neutral,general_discussion,0
264,Instagram,post,technology,What are the requirements on my phone.,neutral,question_or_information_request,0
1079,YouTube,video,news,Get professional credentials without training for my current project.,positive,fraudulent_service_offer,1
17,YouTube,video,music,This feature is not working correctly after reading the description.,negative,complaint_or_problem_report,0
1069,YouTube,video,education,Send payment to receive the guaranteed result for my current project.,positive,fraudulent_service_offer,1
35,YouTube,video,travel,The quality is much worse than expected during the weekend.,negative,complaint_or_problem_report,0
653,YouTube,video,education,This topic deserves further discussion for a small business.,neutral,general_discussion,0
152,Instagram,post,technology,The quality is impressive while comparing different options.,positive,praise_or_appreciation,0
446,Instagram,post,gaming,Comment YES to get noticed for a beginner.,neutral,engagement_bait,1
681,YouTube,video,music,I would like to hear other opinions after trying the latest update.,neutral,general_discussion,0
974,Instagram,post,gaming,Could you add keyboard shortcuts on my phone.,neutral,feature_or_content_request,0
931,YouTube,video,travel,It would be useful to have an export button after trying the latest update.,neutral,feature_or_content_request,0
591,YouTube,video,news,My experience may help other users after trying the latest update.,neutral,user_experience_feedback,0
49,YouTube,video,music,The service has been frustrating for my current project.,negative,complaint_or_problem_report,0
37,YouTube,video,education,The quality is much worse than expected after reading the description.,negative,complaint_or_problem_report,0
194,Instagram,post,food,This is one of the best posts on my phone.,positive,praise_or_appreciation,0
776,Instagram,post,technology,Our members are earning every day for a beginner.,positive,financial_promotion,1
393,YouTube,video,music,Click to unlock your cash reward for a small business.,positive,giveaway_or_reward_scam,1
680,Instagram,post,technology,That is a reasonable way to look at it before making a decision.,neutral,general_discussion,0
603,YouTube,video,travel,This is an interesting perspective for a small business.,neutral,general_discussion,0
132,Instagram,post,sports,The creator did a great job while comparing different options.,positive,praise_or_appreciation,0
476,Instagram,post,sports,Subscribe for more content for a beginner.,neutral,engagement_bait,1
405,YouTube,video,education,Follow my account and I will follow back during the weekend.,neutral,engagement_bait,1
732,Instagram,post,sports,Start earning from home today while comparing different options.,positive,financial_promotion,1
180,Instagram,post,sports,This made my day before making a decision.,positive,praise_or_appreciation,0
1067,YouTube,video,travel,Send payment to receive the guaranteed result after reading the description.,positive,fraudulent_service_offer,1
969,YouTube,video,music,I would like a filter for older posts for my current project.,neutral,feature_or_content_request,0
79,YouTube,video,news,The content leaves out important details for my current project.,negative,complaint_or_problem_report,0
596,Instagram,post,sports,My experience may help other users for a beginner.,neutral,user_experience_feedback,0
559,YouTube,video,news,The result was different for me for my current project.,neutral,user_experience_feedback,0
973,YouTube,video,education,Could you add keyboard shortcuts for a small business.,neutral,feature_or_content_request,0
294,Instagram,post,gaming,Which option should I choose on my phone.,neutral,question_or_information_request,0
117,YouTube,video,education,I really enjoyed this after reading the description.,positive,praise_or_appreciation,0
575,YouTube,video,news,This worked after restarting the app during the weekend.,neutral,user_experience_feedback,0
827,YouTube,video,travel,Download the complete guide from our page after reading the description.,positive,advertisement_or_promotion,1
182,Instagram,post,gaming,The examples are very useful while comparing different options.,positive,praise_or_appreciation,0
456,Instagram,post,technology,Follow for daily updates for a beginner.,neutral,engagement_bait,1
410,Instagram,post,food,Follow my account and I will follow back before making a decision.,neutral,engagement_bait,1
987,YouTube,video,travel,Please include the source code after reading the description.,neutral,feature_or_content_request,0
522,Instagram,post,food,My experience was reasonable while comparing different options.,neutral,user_experience_feedback,0
978,Instagram,post,food,Could you add keyboard shortcuts in the mobile application.,neutral,feature_or_content_request,0
339,YouTube,video,travel,You are eligible for an exclusive bonus for my current project.,positive,giveaway_or_reward_scam,1
539,YouTube,video,travel,The first attempt was successful for my current project.,neutral,user_experience_feedback,0
314,Instagram,post,food,Claim your free reward now on my phone.,positive,giveaway_or_reward_scam,1
766,Instagram,post,gaming,Make passive income using this secret for a beginner.,positive,financial_promotion,1
179,YouTube,video,travel,This made my day for my current project.,positive,praise_or_appreciation,0
377,YouTube,video,music,Register now to receive your prize after reading the description.,positive,giveaway_or_reward_scam,1
354,Instagram,post,food,Congratulations on winning on my phone.,positive,giveaway_or_reward_scam,1
510,Instagram,post,gaming,I tested this and it worked as expected before making a decision.,neutral,user_experience_feedback,0
21,YouTube,video,education,The instructions are confusing after trying the latest update.,negative,complaint_or_problem_report,0
184,Instagram,post,technology,The examples are very useful on my phone.,positive,praise_or_appreciation,0
435,YouTube,video,travel,Like this post for a surprise during the weekend.,neutral,engagement_bait,1
775,YouTube,video,news,Our members are earning every day during the weekend.,positive,financial_promotion,1
556,Instagram,post,sports,The result was different for me for a beginner.,neutral,user_experience_feedback,0
1073,YouTube,video,music,Get professional credentials without training for a small business.,positive,fraudulent_service_offer,1
1085,YouTube,video,education,Message me for a shortcut to approval during the weekend.,positive,fraudulent_service_offer,1
1021,YouTube,video,education,Get an instant certificate without an exam after trying the latest update.,positive,fraudulent_service_offer,1
900,Instagram,post,sports,Explore the featured service online before making a decision.,positive,advertisement_or_promotion,1
924,Instagram,post,sports,Please support additional languages on my phone.,neutral,feature_or_content_request,0
157,YouTube,video,education,The quality is impressive after reading the description.,positive,praise_or_appreciation,0
1039,YouTube,video,news,Pay a small fee for guaranteed approval for my current project.,positive,fraudulent_service_offer,1
856,Instagram,post,technology,Order now for fast delivery for a beginner.,positive,advertisement_or_promotion,1
421,YouTube,video,education,Share this with your friends after trying the latest update.,neutral,engagement_bait,1
784,Instagram,post,technology,Claim a limited financial opportunity on my phone.,positive,financial_promotion,1
606,Instagram,post,gaming,This is an interesting perspective for a beginner.,neutral,general_discussion,0
223,YouTube,video,news,Is this available everywhere for a small business.,neutral,question_or_information_request,0
948,Instagram,post,sports,Can you add subtitles to the video in the mobile application.,neutral,feature_or_content_request,0
219,YouTube,video,travel,What tools did you use for my current project.,neutral,question_or_information_request,0
986,Instagram,post,food,Please include the source code for a beginner.,neutral,feature_or_content_request,0
511,YouTube,video,news,I tried the suggested method after trying the latest update.,neutral,user_experience_feedback,0
1036,Instagram,post,sports,Pay a small fee for guaranteed approval for a beginner.,positive,fraudulent_service_offer,1
14,Instagram,post,gaming,This feature is not working correctly on my phone.,negative,complaint_or_problem_report,0
967,YouTube,video,news,I would like a filter for older posts after reading the description.,neutral,feature_or_content_request,0
290,Instagram,post,food,Does this support beginners before making a decision.,neutral,question_or_information_request,0
140,Instagram,post,sports,The creator did a great job before making a decision.,positive,praise_or_appreciation,0
641,YouTube,video,music,I agree that more context is needed after trying the latest update.,neutral,general_discussion,0
198,Instagram,post,gaming,This is one of the best posts in the mobile application.,positive,praise_or_appreciation,0
1011,YouTube,video,travel,Buy leaked answers from my private group after trying the latest update.,positive,fraudulent_service_offer,1
602,Instagram,post,food,This is an interesting perspective while comparing different options.,neutral,general_discussion,0
871,YouTube,video,news,Use this offer before it expires after trying the latest update.,positive,advertisement_or_promotion,1
1075,YouTube,video,travel,Get professional credentials without training during the weekend.,positive,fraudulent_service_offer,1
280,Instagram,post,technology,When will the next version be released before making a decision.,neutral,question_or_information_request,0
240,Instagram,post,technology,How does this work before making a decision.,neutral,question_or_information_request,0
215,YouTube,video,news,What tools did you use during the weekend.,neutral,question_or_information_request,0
760,Instagram,post,technology,Invest now for an exclusive bonus before making a decision.,positive,financial_promotion,1
463,YouTube,video,news,Tag three people to participate for a small business.,neutral,engagement_bait,1
139,YouTube,video,travel,The creator did a great job for my current project.,positive,praise_or_appreciation,0
814,Instagram,post,gaming,Get premium access at a lower price on my phone.,positive,advertisement_or_promotion,1
216,Instagram,post,technology,What tools did you use for a beginner.,neutral,question_or_information_request,0
329,YouTube,video,music,Your account was selected for a gift for my current project.,positive,giveaway_or_reward_scam,1
383,YouTube,video,news,You have been chosen for a giveaway for a small business.,positive,giveaway_or_reward_scam,1
771,YouTube,video,travel,Our members are earning every day after trying the latest update.,positive,financial_promotion,1
343,YouTube,video,news,Collect your free gift today for a small business.,positive,giveaway_or_reward_scam,1
90,Instagram,post,food,The product feels unreliable before making a decision.,negative,complaint_or_problem_report,0
1022,Instagram,post,gaming,Get an instant certificate without an exam while comparing different options.,positive,fraudulent_service_offer,1
462,Instagram,post,gaming,Tag three people to participate while comparing different options.,neutral,engagement_bait,1
387,YouTube,video,travel,You have been chosen for a giveaway after reading the description.,positive,giveaway_or_reward_scam,1
926,Instagram,post,gaming,Please support additional languages for a beginner.,neutral,feature_or_content_request,0
55,YouTube,video,news,The result contains an error during the weekend.,negative,complaint_or_problem_report,0
811,YouTube,video,travel,Get premium access at a lower price after trying the latest update.,positive,advertisement_or_promotion,1
837,YouTube,video,education,Try our service with a limited discount after reading the description.,positive,advertisement_or_promotion,1
357,YouTube,video,education,Congratulations on winning after reading the description.,positive,giveaway_or_reward_scam,1
169,YouTube,video,music,I appreciate the effort for my current project.,positive,praise_or_appreciation,0
370,Instagram,post,food,A reward is waiting for you before making a decision.,positive,giveaway_or_reward_scam,1
256,Instagram,post,technology,Can someone clarify the final step for a beginner.,neutral,question_or_information_request,0
886,Instagram,post,gaming,Join our newsletter for updates for a beginner.,positive,advertisement_or_promotion,1
161,YouTube,video,music,I appreciate the effort after trying the latest update.,positive,praise_or_appreciation,0
283,YouTube,video,travel,Does this support beginners for a small business.,neutral,question_or_information_request,0
444,Instagram,post,sports,Comment YES to get noticed on my phone.,neutral,engagement_bait,1
8,Instagram,post,technology,The app keeps crashing in the mobile application.,negative,complaint_or_problem_report,0
158,Instagram,post,gaming,The quality is impressive in the mobile application.,positive,praise_or_appreciation,0
84,Instagram,post,sports,The product feels unreliable on my phone.,negative,complaint_or_problem_report,0
597,YouTube,video,education,My experience may help other users after reading the description.,neutral,user_experience_feedback,0
281,YouTube,video,music,Does this support beginners after trying the latest update.,neutral,question_or_information_request,0
733,YouTube,video,education,Start earning from home today for a small business.,positive,financial_promotion,1
630,Instagram,post,gaming,There are several sides to this issue before making a decision.,neutral,general_discussion,0
274,Instagram,post,food,When will the next version be released on my phone.,neutral,question_or_information_request,0
434,Instagram,post,food,Like this post for a surprise on my phone.,neutral,engagement_bait,1
399,YouTube,video,news,Click to unlock your cash reward for my current project.,positive,giveaway_or_reward_scam,1
635,YouTube,video,travel,The discussion raises an important point during the weekend.,neutral,general_discussion,0
362,Instagram,post,food,A reward is waiting for you while comparing different options.,positive,giveaway_or_reward_scam,1
114,Instagram,post,food,I really enjoyed this on my phone.,positive,praise_or_appreciation,0
516,Instagram,post,sports,I tried the suggested method for a beginner.,neutral,user_experience_feedback,0
812,Instagram,post,sports,Get premium access at a lower price while comparing different options.,positive,advertisement_or_promotion,1
618,Instagram,post,food,I have been thinking about this topic in the mobile application.,neutral,general_discussion,0
794,Instagram,post,food,Contact us for instant profit guidance on my phone.,positive,financial_promotion,1
222,Instagram,post,gaming,Is this available everywhere while comparing different options.,neutral,question_or_information_request,0
765,YouTube,video,education,Make passive income using this secret during the weekend.,positive,financial_promotion,1
716,Instagram,post,sports,Join our group for daily profit signals for a beginner.,positive,financial_promotion,1
960,Instagram,post,technology,Please provide a shorter version before making a decision.,neutral,feature_or_content_request,0
879,YouTube,video,news,Use this offer before it expires for my current project.,positive,advertisement_or_promotion,1
797,YouTube,video,education,Contact us for instant profit guidance after reading the description.,positive,financial_promotion,1
805,YouTube,video,education,Visit our website for a special offer during the weekend.,positive,advertisement_or_promotion,1
100,Instagram,post,sports,I cannot use this properly before making a decision.,negative,complaint_or_problem_report,0
1006,Instagram,post,gaming,DM me for guaranteed job placement for a beginner.,positive,fraudulent_service_offer,1
288,Instagram,post,technology,Does this support beginners in the mobile application.,neutral,question_or_information_request,0
661,YouTube,video,education,Different users may have different experiences after trying the latest update.,neutral,general_discussion,0
178,Instagram,post,food,This made my day in the mobile application.,positive,praise_or_appreciation,0
751,YouTube,video,news,Invest now for an exclusive bonus after trying the latest update.,positive,financial_promotion,1
940,Instagram,post,sports,It would be useful to have an export button before making a decision.,neutral,feature_or_content_request,0
861,YouTube,video,education,Check our profile for exclusive products after trying the latest update.,positive,advertisement_or_promotion,1
164,Instagram,post,sports,I appreciate the effort on my phone.,positive,praise_or_appreciation,0
692,Instagram,post,sports,This connects with a similar discussion while comparing different options.,neutral,general_discussion,0
293,YouTube,video,education,Which option should I choose for a small business.,neutral,question_or_information_request,0
342,Instagram,post,gaming,Collect your free gift today while comparing different options.,positive,giveaway_or_reward_scam,1
418,Instagram,post,food,Subscribe and comment DONE in the mobile application.,neutral,engagement_bait,1
209,YouTube,video,music,Could you explain this part for my current project.,neutral,question_or_information_request,0
60,Instagram,post,sports,The result contains an error before making a decision.,negative,complaint_or_problem_report,0
1004,Instagram,post,sports,DM me for guaranteed job placement on my phone.,positive,fraudulent_service_offer,1
299,YouTube,video,travel,Which option should I choose for my current project.,neutral,question_or_information_request,0
11,YouTube,video,travel,This feature is not working correctly after trying the latest update.,negative,complaint_or_problem_report,0
142,Instagram,post,gaming,This helped me a lot while comparing different options.,positive,praise_or_appreciation,0
552,Instagram,post,technology,The result was different for me while comparing different options.,neutral,user_experience_feedback,0
730,Instagram,post,food,Double your investment with this offer before making a decision.,positive,financial_promotion,1
344,Instagram,post,technology,Collect your free gift today on my phone.,positive,giveaway_or_reward_scam,1
728,Instagram,post,technology,Double your investment with this offer in the mobile application.,positive,financial_promotion,1
331,YouTube,video,travel,You are eligible for an exclusive bonus after trying the latest update.,positive,giveaway_or_reward_scam,1
833,YouTube,video,music,Try our service with a limited discount for a small business.,positive,advertisement_or_promotion,1
703,YouTube,video,news,Earn money quickly with this method for a small business.,positive,financial_promotion,1
863,YouTube,video,news,Check our profile for exclusive products for a small business.,positive,advertisement_or_promotion,1
966,Instagram,post,gaming,I would like a filter for older posts for a beginner.,neutral,feature_or_content_request,0
305,YouTube,video,music,You have won a special prize during the weekend.,positive,giveaway_or_reward_scam,1
483,YouTube,video,travel,Like and share this message for a small business.,neutral,engagement_bait,1
694,Instagram,post,gaming,This connects with a similar discussion on my phone.,neutral,general_discussion,0
588,Instagram,post,sports,I followed the instructions carefully in the mobile application.,neutral,user_experience_feedback,0
560,Instagram,post,technology,The result was different for me before making a decision.,neutral,user_experience_feedback,0
654,Instagram,post,gaming,This topic deserves further discussion on my phone.,neutral,general_discussion,0
1058,Instagram,post,food,I can provide restricted interview questions in the mobile application.,positive,fraudulent_service_offer,1
866,Instagram,post,food,Check our profile for exclusive products for a beginner.,positive,advertisement_or_promotion,1
1082,Instagram,post,food,Message me for a shortcut to approval while comparing different options.,positive,fraudulent_service_offer,1
1027,YouTube,video,travel,Get an instant certificate without an exam after reading the description.,positive,fraudulent_service_offer,1
785,YouTube,video,music,Claim a limited financial opportunity during the weekend.,positive,financial_promotion,1
189,YouTube,video,education,The examples are very useful for my current project.,positive,praise_or_appreciation,0
206,Instagram,post,gaming,Could you explain this part for a beginner.,neutral,question_or_information_request,0
770,Instagram,post,food,Make passive income using this secret before making a decision.,positive,financial_promotion,1
111,YouTube,video,news,I really enjoyed this after trying the latest update.,positive,praise_or_appreciation,0
115,YouTube,video,travel,I really enjoyed this during the weekend.,positive,praise_or_appreciation,0
579,YouTube,video,travel,This worked after restarting the app for my current project.,neutral,user_experience_feedback,0
472,Instagram,post,technology,Subscribe for more content while comparing different options.,neutral,engagement_bait,1
203,YouTube,video,travel,Could you explain this part for a small business.,neutral,question_or_information_request,0
711,YouTube,video,news,Join our group for daily profit signals after trying the latest update.,positive,financial_promotion,1
197,YouTube,video,education,This is one of the best posts after reading the description.,positive,praise_or_appreciation,0
1003,YouTube,video,travel,DM me for guaranteed job placement for a small business.,positive,fraudulent_service_offer,1
582,Instagram,post,gaming,I followed the instructions carefully while comparing different options.,neutral,user_experience_feedback,0
450,Instagram,post,food,Comment YES to get noticed before making a decision.,neutral,engagement_bait,1
395,YouTube,video,travel,Click to unlock your cash reward during the weekend.,positive,giveaway_or_reward_scam,1
1061,YouTube,video,education,Send payment to receive the guaranteed result after trying the latest update.,positive,fraudulent_service_offer,1
176,Instagram,post,technology,This made my day for a beginner.,positive,praise_or_appreciation,0
33,YouTube,video,music,The quality is much worse than expected for a small business.,negative,complaint_or_problem_report,0
93,YouTube,video,education,I cannot use this properly for a small business.,negative,complaint_or_problem_report,0
381,YouTube,video,education,You have been chosen for a giveaway after trying the latest update.,positive,giveaway_or_reward_scam,1
448,Instagram,post,technology,Comment YES to get noticed in the mobile application.,neutral,engagement_bait,1
648,Instagram,post,technology,I agree that more context is needed in the mobile application.,neutral,general_discussion,0
429,YouTube,video,education,Share this with your friends for my current project.,neutral,engagement_bait,1
304,Instagram,post,technology,You have won a special prize on my phone.,positive,giveaway_or_reward_scam,1
532,Instagram,post,sports,The first attempt was successful while comparing different options.,neutral,user_experience_feedback,0
70,Instagram,post,gaming,This experience has been disappointing before making a decision.,negative,complaint_or_problem_report,0
786,Instagram,post,food,Claim a limited financial opportunity for a beginner.,positive,financial_promotion,1
1098,Instagram,post,food,Purchase exclusive access through my contact in the mobile application.,positive,fraudulent_service_offer,1
326,Instagram,post,gaming,Your account was selected for a gift for a beginner.,positive,giveaway_or_reward_scam,1
803,YouTube,video,travel,Visit our website for a special offer for a small business.,positive,advertisement_or_promotion,1
712,Instagram,post,technology,Join our group for daily profit signals while comparing different options.,positive,financial_promotion,1
1097,YouTube,video,music,Purchase exclusive access through my contact after reading the description.,positive,fraudulent_service_offer,1
945,YouTube,video,music,Can you add subtitles to the video during the weekend.,neutral,feature_or_content_request,0
480,Instagram,post,technology,Subscribe for more content before making a decision.,neutral,engagement_bait,1
6,Instagram,post,gaming,The app keeps crashing for a beginner.,negative,complaint_or_problem_report,0
577,YouTube,video,music,This worked after restarting the app after reading the description.,neutral,user_experience_feedback,0
683,YouTube,video,travel,I would like to hear other opinions for a small business.,neutral,general_discussion,0
455,YouTube,video,news,Follow for daily updates during the weekend.,neutral,engagement_bait,1
735,YouTube,video,news,Start earning from home today during the weekend.,positive,financial_promotion,1
638,Instagram,post,gaming,The discussion raises an important point in the mobile application.,neutral,general_discussion,0
829,YouTube,video,education,Download the complete guide from our page for my current project.,positive,advertisement_or_promotion,1
963,YouTube,video,travel,I would like a filter for older posts for a small business.,neutral,feature_or_content_request,0
662,Instagram,post,gaming,Different users may have different experiences while comparing different options.,neutral,general_discussion,0
241,YouTube,video,music,Where can I find the documentation after trying the latest update.,neutral,question_or_information_request,0
466,Instagram,post,food,Tag three people to participate for a beginner.,neutral,engagement_bait,1
583,YouTube,video,news,I followed the instructions carefully for a small business.,neutral,user_experience_feedback,0
380,Instagram,post,sports,Register now to receive your prize before making a decision.,positive,giveaway_or_reward_scam,1
736,Instagram,post,technology,Start earning from home today for a beginner.,positive,financial_promotion,1
50,Instagram,post,food,The service has been frustrating before making a decision.,negative,complaint_or_problem_report,0
843,YouTube,video,travel,Discover our new collection today for a small business.,positive,advertisement_or_promotion,1
651,YouTube,video,travel,This topic deserves further discussion after trying the latest update.,neutral,general_discussion,0
110,Instagram,post,gaming,This is excellent before making a decision.,positive,praise_or_appreciation,0
227,YouTube,video,travel,Is this available everywhere after reading the description.,neutral,question_or_information_request,0
739,YouTube,video,travel,Start earning from home today for my current project.,positive,financial_promotion,1
595,YouTube,video,travel,My experience may help other users during the weekend.,neutral,user_experience_feedback,0
720,Instagram,post,technology,Join our group for daily profit signals before making a decision.,positive,financial_promotion,1
533,YouTube,video,education,The first attempt was successful for a small business.,neutral,user_experience_feedback,0
684,Instagram,post,sports,I would like to hear other opinions on my phone.,neutral,general_discussion,0
913,YouTube,video,music,Could you include more examples for a small business.,neutral,feature_or_content_request,0
822,Instagram,post,gaming,Download the complete guide from our page while comparing different options.,positive,advertisement_or_promotion,1
946,Instagram,post,food,Can you add subtitles to the video for a beginner.,neutral,feature_or_content_request,0
1100,Instagram,post,sports,Purchase exclusive access through my contact before making a decision.,positive,fraudulent_service_offer,1
636,Instagram,post,sports,The discussion raises an important point for a beginner.,neutral,general_discussion,0
676,Instagram,post,sports,That is a reasonable way to look at it for a beginner.,neutral,general_discussion,0
165,YouTube,video,education,I appreciate the effort during the weekend.,positive,praise_or_appreciation,0
1001,YouTube,video,music,DM me for guaranteed job placement after trying the latest update.,positive,fraudulent_service_offer,1
31,YouTube,video,news,The quality is much worse than expected after trying the latest update.,negative,complaint_or_problem_report,0
997,YouTube,video,education,An offline mode would be helpful after reading the description.,neutral,feature_or_content_request,0
508,Instagram,post,sports,I tested this and it worked as expected in the mobile application.,neutral,user_experience_feedback,0
504,Instagram,post,technology,I tested this and it worked as expected on my phone.,neutral,user_experience_feedback,0
1042,Instagram,post,food,Contact me for confidential account access while comparing different options.,positive,fraudulent_service_offer,1
78,Instagram,post,gaming,The content leaves out important details in the mobile application.,negative,complaint_or_problem_report,0
1071,YouTube,video,news,Get professional credentials without training after trying the latest update.,positive,fraudulent_service_offer,1
248,Instagram,post,technology,Where can I find the documentation in the mobile application.,neutral,question_or_information_request,0
1026,Instagram,post,food,Get an instant certificate without an exam for a beginner.,positive,fraudulent_service_offer,1
67,YouTube,video,travel,This experience has been disappointing after reading the description.,negative,complaint_or_problem_report,0
534,Instagram,post,gaming,The first attempt was successful on my phone.,neutral,user_experience_feedback,0
250,Instagram,post,food,Where can I find the documentation before making a decision.,neutral,question_or_information_request,0
524,Instagram,post,sports,My experience was reasonable on my phone.,neutral,user_experience_feedback,0
782,Instagram,post,gaming,Claim a limited financial opportunity while comparing different options.,positive,financial_promotion,1
566,Instagram,post,gaming,I tested the example with new data for a beginner.,neutral,user_experience_feedback,0
307,YouTube,video,travel,You have won a special prize after reading the description.,positive,giveaway_or_reward_scam,1
984,Instagram,post,technology,Please include the source code on my phone.,neutral,feature_or_content_request,0
925,YouTube,video,education,Please support additional languages during the weekend.,neutral,feature_or_content_request,0
1043,YouTube,video,travel,Contact me for confidential account access for a small business.,positive,fraudulent_service_offer,1
882,Instagram,post,food,Join our newsletter for updates while comparing different options.,positive,advertisement_or_promotion,1
802,Instagram,post,food,Visit our website for a special offer while comparing different options.,positive,advertisement_or_promotion,1
438,Instagram,post,gaming,Like this post for a surprise in the mobile application.,neutral,engagement_bait,1
389,YouTube,video,education,You have been chosen for a giveaway for my current project.,positive,giveaway_or_reward_scam,1
619,YouTube,video,travel,I have been thinking about this topic for my current project.,neutral,general_discussion,0
71,YouTube,video,news,The content leaves out important details after trying the latest update.,negative,complaint_or_problem_report,0
310,Instagram,post,gaming,You have won a special prize before making a decision.,positive,giveaway_or_reward_scam,1
571,YouTube,video,travel,This worked after restarting the app after trying the latest update.,neutral,user_experience_feedback,0
420,Instagram,post,sports,Subscribe and comment DONE before making a decision.,neutral,engagement_bait,1
42,Instagram,post,food,The service has been frustrating while comparing different options.,negative,complaint_or_problem_report,0
824,Instagram,post,technology,Download the complete guide from our page on my phone.,positive,advertisement_or_promotion,1
800,Instagram,post,technology,Contact us for instant profit guidance before making a decision.,positive,financial_promotion,1
538,Instagram,post,food,The first attempt was successful in the mobile application.,neutral,user_experience_feedback,0
983,YouTube,video,news,Please include the source code for a small business.,neutral,feature_or_content_request,0
1028,Instagram,post,sports,Get an instant certificate without an exam in the mobile application.,positive,fraudulent_service_offer,1
98,Instagram,post,food,I cannot use this properly in the mobile application.,negative,complaint_or_problem_report,0
767,YouTube,video,news,Make passive income using this secret after reading the description.,positive,financial_promotion,1
795,YouTube,video,travel,Contact us for instant profit guidance during the weekend.,positive,financial_promotion,1
512,Instagram,post,technology,I tried the suggested method while comparing different options.,neutral,user_experience_feedback,0
137,YouTube,video,music,The creator did a great job after reading the description.,positive,praise_or_appreciation,0
887,YouTube,video,news,Join our newsletter for updates after reading the description.,positive,advertisement_or_promotion,1
1045,YouTube,video,education,Contact me for confidential account access during the weekend.,positive,fraudulent_service_offer,1
400,Instagram,post,technology,Click to unlock your cash reward before making a decision.,positive,giveaway_or_reward_scam,1
903,YouTube,video,news,Please add a dark mode option for a small business.,neutral,feature_or_content_request,0
53,YouTube,video,education,The result contains an error for a small business.,negative,complaint_or_problem_report,0
535,YouTube,video,news,The first attempt was successful during the weekend.,neutral,user_experience_feedback,0
25,YouTube,video,music,The instructions are confusing during the weekend.,negative,complaint_or_problem_report,0
655,YouTube,video,news,This topic deserves further discussion during the weekend.,neutral,general_discussion,0
668,Instagram,post,sports,Different users may have different experiences in the mobile application.,neutral,general_discussion,0
325,YouTube,video,education,Your account was selected for a gift during the weekend.,positive,giveaway_or_reward_scam,1
610,Instagram,post,food,This is an interesting perspective before making a decision.,neutral,general_discussion,0
942,Instagram,post,gaming,Can you add subtitles to the video while comparing different options.,neutral,feature_or_content_request,0
315,YouTube,video,travel,Claim your free reward now during the weekend.,positive,giveaway_or_reward_scam,1
992,Instagram,post,technology,An offline mode would be helpful while comparing different options.,neutral,feature_or_content_request,0
191,YouTube,video,news,This is one of the best posts after trying the latest update.,positive,praise_or_appreciation,0
397,YouTube,video,education,Click to unlock your cash reward after reading the description.,positive,giveaway_or_reward_scam,1
899,YouTube,video,travel,Explore the featured service online for my current project.,positive,advertisement_or_promotion,1
1005,YouTube,video,education,DM me for guaranteed job placement during the weekend.,positive,fraudulent_service_offer,1
932,Instagram,post,sports,It would be useful to have an export button while comparing different options.,neutral,feature_or_content_request,0
302,Instagram,post,gaming,You have won a special prize while comparing different options.,positive,giveaway_or_reward_scam,1
572,Instagram,post,sports,This worked after restarting the app while comparing different options.,neutral,user_experience_feedback,0
174,Instagram,post,gaming,This made my day on my phone.,positive,praise_or_appreciation,0
937,YouTube,video,music,It would be useful to have an export button after reading the description.,neutral,feature_or_content_request,0
989,YouTube,video,education,Please include the source code for my current project.,neutral,feature_or_content_request,0
372,Instagram,post,sports,Register now to receive your prize while comparing different options.,positive,giveaway_or_reward_scam,1
62,Instagram,post,gaming,This experience has been disappointing while comparing different options.,negative,complaint_or_problem_report,0
975,YouTube,video,news,Could you add keyboard shortcuts during the weekend.,neutral,feature_or_content_request,0
781,YouTube,video,education,Claim a limited financial opportunity after trying the latest update.,positive,financial_promotion,1
717,YouTube,video,education,Join our group for daily profit signals after reading the description.,positive,financial_promotion,1
918,Instagram,post,gaming,Could you include more examples in the mobile application.,neutral,feature_or_content_request,0
328,Instagram,post,technology,Your account was selected for a gift in the mobile application.,positive,giveaway_or_reward_scam,1
772,Instagram,post,sports,Our members are earning every day while comparing different options.,positive,financial_promotion,1
764,Instagram,post,sports,Make passive income using this secret on my phone.,positive,financial_promotion,1
502,Instagram,post,gaming,I tested this and it worked as expected while comparing different options.,neutral,user_experience_feedback,0
848,Instagram,post,technology,Discover our new collection today in the mobile application.,positive,advertisement_or_promotion,1
835,YouTube,video,travel,Try our service with a limited discount during the weekend.,positive,advertisement_or_promotion,1
82,Instagram,post,food,The product feels unreliable while comparing different options.,negative,complaint_or_problem_report,0
961,YouTube,video,music,I would like a filter for older posts after trying the latest update.,neutral,feature_or_content_request,0
488,Instagram,post,technology,Like and share this message in the mobile application.,neutral,engagement_bait,1
361,YouTube,video,music,A reward is waiting for you after trying the latest update.,positive,giveaway_or_reward_scam,1
1092,Instagram,post,sports,Purchase exclusive access through my contact while comparing different options.,positive,fraudulent_service_offer,1
970,Instagram,post,food,I would like a filter for older posts before making a decision.,neutral,feature_or_content_request,0
957,YouTube,video,education,Please provide a shorter version after reading the description.,neutral,feature_or_content_request,0
58,Instagram,post,food,The result contains an error in the mobile application.,negative,complaint_or_problem_report,0
543,YouTube,video,news,I used this with a different setup for a small business.,neutral,user_experience_feedback,0
261,YouTube,video,education,What are the requirements after trying the latest update.,neutral,question_or_information_request,0
1099,YouTube,video,travel,Purchase exclusive access through my contact for my current project.,positive,fraudulent_service_offer,1
68,Instagram,post,sports,This experience has been disappointing in the mobile application.,negative,complaint_or_problem_report,0
425,YouTube,video,music,Share this with your friends during the weekend.,neutral,engagement_bait,1
737,YouTube,video,music,Start earning from home today after reading the description.,positive,financial_promotion,1
447,YouTube,video,news,Comment YES to get noticed after reading the description.,neutral,engagement_bait,1
725,YouTube,video,education,Double your investment with this offer during the weekend.,positive,financial_promotion,1
884,Instagram,post,sports,Join our newsletter for updates on my phone.,positive,advertisement_or_promotion,1
298,Instagram,post,food,Which option should I choose in the mobile application.,neutral,question_or_information_request,0
1012,Instagram,post,sports,Buy leaked answers from my private group while comparing different options.,positive,fraudulent_service_offer,1
469,YouTube,video,education,Tag three people to participate for my current project.,neutral,engagement_bait,1
622,Instagram,post,gaming,There are several sides to this issue while comparing different options.,neutral,general_discussion,0
820,Instagram,post,sports,Get premium access at a lower price before making a decision.,positive,advertisement_or_promotion,1
360,Instagram,post,technology,Congratulations on winning before making a decision.,positive,giveaway_or_reward_scam,1
231,YouTube,video,news,How does this work after trying the latest update.,neutral,question_or_information_request,0
656,Instagram,post,technology,This topic deserves further discussion for a beginner.,neutral,general_discussion,0
637,YouTube,video,education,The discussion raises an important point after reading the description.,neutral,general_discussion,0
623,YouTube,video,news,There are several sides to this issue for a small business.,neutral,general_discussion,0
847,YouTube,video,news,Discover our new collection today after reading the description.,positive,advertisement_or_promotion,1
1091,YouTube,video,travel,Purchase exclusive access through my contact after trying the latest update.,positive,fraudulent_service_offer,1
498,Instagram,post,food,Support my page and I will support yours in the mobile application.,neutral,engagement_bait,1
738,Instagram,post,food,Start earning from home today in the mobile application.,positive,financial_promotion,1
779,YouTube,video,travel,Our members are earning every day for my current project.,positive,financial_promotion,1
501,YouTube,video,education,I tested this and it worked as expected after trying the latest update.,neutral,user_experience_feedback,0
282,Instagram,post,food,Does this support beginners while comparing different options.,neutral,question_or_information_request,0
1000,Instagram,post,technology,An offline mode would be helpful before making a decision.,neutral,feature_or_content_request,0
542,Instagram,post,gaming,I used this with a different setup while comparing different options.,neutral,user_experience_feedback,0
962,Instagram,post,food,I would like a filter for older posts while comparing different options.,neutral,feature_or_content_request,0
1007,YouTube,video,news,DM me for guaranteed job placement after reading the description.,positive,fraudulent_service_offer,1
657,YouTube,video,music,This topic deserves further discussion after reading the description.,neutral,general_discussion,0
613,YouTube,video,education,I have been thinking about this topic for a small business.,neutral,general_discussion,0
1096,Instagram,post,technology,Purchase exclusive access through my contact for a beginner.,positive,fraudulent_service_offer,1
413,YouTube,video,education,Subscribe and comment DONE for a small business.,neutral,engagement_bait,1
806,Instagram,post,gaming,Visit our website for a special offer for a beginner.,positive,advertisement_or_promotion,1
112,Instagram,post,technology,I really enjoyed this while comparing different options.,positive,praise_or_appreciation,0
467,YouTube,video,travel,Tag three people to participate after reading the description.,neutral,engagement_bait,1
51,YouTube,video,travel,The result contains an error after trying the latest update.,negative,complaint_or_problem_report,0
345,YouTube,video,music,Collect your free gift today during the weekend.,positive,giveaway_or_reward_scam,1
138,Instagram,post,food,The creator did a great job in the mobile application.,positive,praise_or_appreciation,0
609,YouTube,video,music,This is an interesting perspective for my current project.,neutral,general_discussion,0
32,Instagram,post,technology,The quality is much worse than expected while comparing different options.,negative,complaint_or_problem_report,0
665,YouTube,video,music,Different users may have different experiences during the weekend.,neutral,general_discussion,0
7,YouTube,video,news,The app keeps crashing after reading the description.,negative,complaint_or_problem_report,0
941,YouTube,video,education,Can you add subtitles to the video after trying the latest update.,neutral,feature_or_content_request,0
291,YouTube,video,travel,Which option should I choose after trying the latest update.,neutral,question_or_information_request,0
319,YouTube,video,news,Claim your free reward now for my current project.,positive,giveaway_or_reward_scam,1
715,YouTube,video,travel,Join our group for daily profit signals during the weekend.,positive,financial_promotion,1
1054,Instagram,post,gaming,I can provide restricted interview questions on my phone.,positive,fraudulent_service_offer,1
690,Instagram,post,food,I would like to hear other opinions before making a decision.,neutral,general_discussion,0
774,Instagram,post,gaming,Our members are earning every day on my phone.,positive,financial_promotion,1
170,Instagram,post,food,I appreciate the effort before making a decision.,positive,praise_or_appreciation,0
76,Instagram,post,sports,The content leaves out important details for a beginner.,negative,complaint_or_problem_report,0
308,Instagram,post,sports,You have won a special prize in the mobile application.,positive,giveaway_or_reward_scam,1
407,YouTube,video,news,Follow my account and I will follow back after reading the description.,neutral,engagement_bait,1
1077,YouTube,video,education,Get professional credentials without training after reading the description.,positive,fraudulent_service_offer,1
642,Instagram,post,food,I agree that more context is needed while comparing different options.,neutral,general_discussion,0
667,YouTube,video,travel,Different users may have different experiences after reading the description.,neutral,general_discussion,0
951,YouTube,video,news,Please provide a shorter version after trying the latest update.,neutral,feature_or_content_request,0
888,Instagram,post,technology,Join our newsletter for updates in the mobile application.,positive,advertisement_or_promotion,1
881,YouTube,video,music,Join our newsletter for updates after trying the latest update.,positive,advertisement_or_promotion,1
727,YouTube,video,news,Double your investment with this offer after reading the description.,positive,financial_promotion,1
836,Instagram,post,sports,Try our service with a limited discount for a beginner.,positive,advertisement_or_promotion,1
40,Instagram,post,technology,The quality is much worse than expected before making a decision.,negative,complaint_or_problem_report,0
551,YouTube,video,news,The result was different for me after trying the latest update.,neutral,user_experience_feedback,0
253,YouTube,video,education,Can someone clarify the final step for a small business.,neutral,question_or_information_request,0
874,Instagram,post,food,Use this offer before it expires on my phone.,positive,advertisement_or_promotion,1
333,YouTube,video,education,You are eligible for an exclusive bonus for a small business.,positive,giveaway_or_reward_scam,1
950,Instagram,post,gaming,Can you add subtitles to the video before making a decision.,neutral,feature_or_content_request,0
1088,Instagram,post,technology,Message me for a shortcut to approval in the mobile application.,positive,fraudulent_service_offer,1
754,Instagram,post,food,Invest now for an exclusive bonus on my phone.,positive,financial_promotion,1
388,Instagram,post,sports,You have been chosen for a giveaway in the mobile application.,positive,giveaway_or_reward_scam,1
1078,Instagram,post,gaming,Get professional credentials without training in the mobile application.,positive,fraudulent_service_offer,1
121,YouTube,video,music,The explanation is very clear after trying the latest update.,positive,praise_or_appreciation,0
979,YouTube,video,travel,Could you add keyboard shortcuts for my current project.,neutral,feature_or_content_request,0
39,YouTube,video,news,The quality is much worse than expected for my current project.,negative,complaint_or_problem_report,0
130,Instagram,post,food,The explanation is very clear before making a decision.,positive,praise_or_appreciation,0
243,YouTube,video,travel,Where can I find the documentation for a small business.,neutral,question_or_information_request,0
378,Instagram,post,food,Register now to receive your prize in the mobile application.,positive,giveaway_or_reward_scam,1
382,Instagram,post,gaming,You have been chosen for a giveaway while comparing different options.,positive,giveaway_or_reward_scam,1
34,Instagram,post,food,The quality is much worse than expected on my phone.,negative,complaint_or_problem_report,0
689,YouTube,video,music,I would like to hear other opinions for my current project.,neutral,general_discussion,0
845,YouTube,video,education,Discover our new collection today during the weekend.,positive,advertisement_or_promotion,1
48,Instagram,post,technology,The service has been frustrating in the mobile application.,negative,complaint_or_problem_report,0
608,Instagram,post,technology,This is an interesting perspective in the mobile application.,neutral,general_discussion,0
503,YouTube,video,news,I tested this and it worked as expected for a small business.,neutral,user_experience_feedback,0
384,Instagram,post,technology,You have been chosen for a giveaway on my phone.,positive,giveaway_or_reward_scam,1
792,Instagram,post,technology,Contact us for instant profit guidance while comparing different options.,positive,financial_promotion,1
742,Instagram,post,gaming,Get guaranteed returns through this program while comparing different options.,positive,financial_promotion,1
234,Instagram,post,food,How does this work on my phone.,neutral,question_or_information_request,0
801,YouTube,video,music,Visit our website for a special offer after trying the latest update.,positive,advertisement_or_promotion,1
705,YouTube,video,music,Earn money quickly with this method during the weekend.,positive,financial_promotion,1
846,Instagram,post,gaming,Discover our new collection today for a beginner.,positive,advertisement_or_promotion,1
660,Instagram,post,sports,This topic deserves further discussion before making a decision.,neutral,general_discussion,0
914,Instagram,post,food,Could you include more examples on my phone.,neutral,feature_or_content_request,0
1074,Instagram,post,food,Get professional credentials without training on my phone.,positive,fraudulent_service_offer,1
321,YouTube,video,music,Your account was selected for a gift after trying the latest update.,positive,giveaway_or_reward_scam,1
10,Instagram,post,food,The app keeps crashing before making a decision.,negative,complaint_or_problem_report,0
691,YouTube,video,travel,This connects with a similar discussion after trying the latest update.,neutral,general_discussion,0
26,Instagram,post,food,The instructions are confusing for a beginner.,negative,complaint_or_problem_report,0
958,Instagram,post,gaming,Please provide a shorter version in the mobile application.,neutral,feature_or_content_request,0
232,Instagram,post,technology,How does this work while comparing different options.,neutral,question_or_information_request,0
1095,YouTube,video,news,Purchase exclusive access through my contact during the weekend.,positive,fraudulent_service_offer,1
912,Instagram,post,technology,Could you include more examples while comparing different options.,neutral,feature_or_content_request,0
185,YouTube,video,music,The examples are very useful during the weekend.,positive,praise_or_appreciation,0
639,YouTube,video,news,The discussion raises an important point for my current project.,neutral,general_discussion,0
593,YouTube,video,music,My experience may help other users for a small business.,neutral,user_experience_feedback,0
489,YouTube,video,music,Like and share this message for my current project.,neutral,engagement_bait,1
561,YouTube,video,music,I tested the example with new data after trying the latest update.,neutral,user_experience_feedback,0
840,Instagram,post,technology,Try our service with a limited discount before making a decision.,positive,advertisement_or_promotion,1
118,Instagram,post,gaming,I really enjoyed this in the mobile application.,positive,praise_or_appreciation,0
461,YouTube,video,education,Tag three people to participate after trying the latest update.,neutral,engagement_bait,1
355,YouTube,video,travel,Congratulations on winning during the weekend.,positive,giveaway_or_reward_scam,1
350,Instagram,post,gaming,Collect your free gift today before making a decision.,positive,giveaway_or_reward_scam,1
828,Instagram,post,sports,Download the complete guide from our page in the mobile application.,positive,advertisement_or_promotion,1
927,YouTube,video,news,Please support additional languages after reading the description.,neutral,feature_or_content_request,0
481,YouTube,video,music,Like and share this message after trying the latest update.,neutral,engagement_bait,1
352,Instagram,post,technology,Congratulations on winning while comparing different options.,positive,giveaway_or_reward_scam,1
424,Instagram,post,technology,Share this with your friends on my phone.,neutral,engagement_bait,1
9,YouTube,video,music,The app keeps crashing for my current project.,negative,complaint_or_problem_report,0
780,Instagram,post,sports,Our members are earning every day before making a decision.,positive,financial_promotion,1
417,YouTube,video,music,Subscribe and comment DONE after reading the description.,neutral,engagement_bait,1
682,Instagram,post,food,I would like to hear other opinions while comparing different options.,neutral,general_discussion,0
1048,Instagram,post,technology,Contact me for confidential account access in the mobile application.,positive,fraudulent_service_offer,1
449,YouTube,video,music,Comment YES to get noticed for my current project.,neutral,engagement_bait,1
898,Instagram,post,food,Explore the featured service online in the mobile application.,positive,advertisement_or_promotion,1
578,Instagram,post,food,This worked after restarting the app in the mobile application.,neutral,user_experience_feedback,0
72,Instagram,post,technology,The content leaves out important details while comparing different options.,negative,complaint_or_problem_report,0
901,YouTube,video,education,Please add a dark mode option after trying the latest update.,neutral,feature_or_content_request,0
612,Instagram,post,sports,I have been thinking about this topic while comparing different options.,neutral,general_discussion,0
1065,YouTube,video,music,Send payment to receive the guaranteed result during the weekend.,positive,fraudulent_service_offer,1
854,Instagram,post,gaming,Order now for fast delivery on my phone.,positive,advertisement_or_promotion,1
220,Instagram,post,sports,What tools did you use before making a decision.,neutral,question_or_information_request,0
322,Instagram,post,food,Your account was selected for a gift while comparing different options.,positive,giveaway_or_reward_scam,1
263,YouTube,video,news,What are the requirements for a small business.,neutral,question_or_information_request,0
474,Instagram,post,food,Subscribe for more content on my phone.,neutral,engagement_bait,1
586,Instagram,post,food,I followed the instructions carefully for a beginner.,neutral,user_experience_feedback,0
423,YouTube,video,news,Share this with your friends for a small business.,neutral,engagement_bait,1
23,YouTube,video,news,The instructions are confusing for a small business.,negative,complaint_or_problem_report,0
600,Instagram,post,technology,My experience may help other users before making a decision.,neutral,user_experience_feedback,0
330,Instagram,post,food,Your account was selected for a gift before making a decision.,positive,giveaway_or_reward_scam,1
714,Instagram,post,food,Join our group for daily profit signals on my phone.,positive,financial_promotion,1
867,YouTube,video,travel,Check our profile for exclusive products after reading the description.,positive,advertisement_or_promotion,1
146,Instagram,post,food,This helped me a lot for a beginner.,positive,praise_or_appreciation,0
1090,Instagram,post,food,Message me for a shortcut to approval before making a decision.,positive,fraudulent_service_offer,1
678,Instagram,post,gaming,That is a reasonable way to look at it in the mobile application.,neutral,general_discussion,0
1052,Instagram,post,sports,I can provide restricted interview questions while comparing different options.,positive,fraudulent_service_offer,1
649,YouTube,video,music,I agree that more context is needed for my current project.,neutral,general_discussion,0
392,Instagram,post,technology,Click to unlock your cash reward while comparing different options.,positive,giveaway_or_reward_scam,1
750,Instagram,post,gaming,Get guaranteed returns through this program before making a decision.,positive,financial_promotion,1
860,Instagram,post,sports,Order now for fast delivery before making a decision.,positive,advertisement_or_promotion,1
722,Instagram,post,food,Double your investment with this offer while comparing different options.,positive,financial_promotion,1
934,Instagram,post,gaming,It would be useful to have an export button on my phone.,neutral,feature_or_content_request,0
367,YouTube,video,news,A reward is waiting for you after reading the description.,positive,giveaway_or_reward_scam,1
554,Instagram,post,food,The result was different for me on my phone.,neutral,user_experience_feedback,0
517,YouTube,video,education,I tried the suggested method after reading the description.,neutral,user_experience_feedback,0
80,Instagram,post,technology,The content leaves out important details before making a decision.,negative,complaint_or_problem_report,0
1066,Instagram,post,food,Send payment to receive the guaranteed result for a beginner.,positive,fraudulent_service_offer,1
437,YouTube,video,education,Like this post for a surprise after reading the description.,neutral,engagement_bait,1
1019,YouTube,video,travel,Buy leaked answers from my private group for my current project.,positive,fraudulent_service_offer,1
745,YouTube,video,music,Get guaranteed returns through this program during the weekend.,positive,financial_promotion,1
1031,YouTube,video,news,Pay a small fee for guaranteed approval after trying the latest update.,positive,fraudulent_service_offer,1
1038,Instagram,post,gaming,Pay a small fee for guaranteed approval in the mobile application.,positive,fraudulent_service_offer,1
323,YouTube,video,travel,Your account was selected for a gift for a small business.,positive,giveaway_or_reward_scam,1
726,Instagram,post,gaming,Double your investment with this offer for a beginner.,positive,financial_promotion,1
1032,Instagram,post,technology,Pay a small fee for guaranteed approval while comparing different options.,positive,fraudulent_service_offer,1
589,YouTube,video,education,I followed the instructions carefully for my current project.,neutral,user_experience_feedback,0
807,YouTube,video,news,Visit our website for a special offer after reading the description.,positive,advertisement_or_promotion,1
834,Instagram,post,food,Try our service with a limited discount on my phone.,positive,advertisement_or_promotion,1
1037,YouTube,video,education,Pay a small fee for guaranteed approval after reading the description.,positive,fraudulent_service_offer,1
1010,Instagram,post,food,DM me for guaranteed job placement before making a decision.,positive,fraudulent_service_offer,1
74,Instagram,post,food,The content leaves out important details on my phone.,negative,complaint_or_problem_report,0
46,Instagram,post,gaming,The service has been frustrating for a beginner.,negative,complaint_or_problem_report,0
419,YouTube,video,travel,Subscribe and comment DONE for my current project.,neutral,engagement_bait,1
136,Instagram,post,technology,The creator did a great job for a beginner.,positive,praise_or_appreciation,0
526,Instagram,post,gaming,My experience was reasonable for a beginner.,neutral,user_experience_feedback,0
3,YouTube,video,travel,The app keeps crashing for a small business.,negative,complaint_or_problem_report,0
793,YouTube,video,music,Contact us for instant profit guidance for a small business.,positive,financial_promotion,1
895,YouTube,video,news,Explore the featured service online during the weekend.,positive,advertisement_or_promotion,1
128,Instagram,post,technology,The explanation is very clear in the mobile application.,positive,praise_or_appreciation,0
103,YouTube,video,news,This is excellent for a small business.,positive,praise_or_appreciation,0
336,Instagram,post,technology,You are eligible for an exclusive bonus for a beginner.,positive,giveaway_or_reward_scam,1
747,YouTube,video,travel,Get guaranteed returns through this program after reading the description.,positive,financial_promotion,1
752,Instagram,post,technology,Invest now for an exclusive bonus while comparing different options.,positive,financial_promotion,1
244,Instagram,post,sports,Where can I find the documentation on my phone.,neutral,question_or_information_request,0
43,YouTube,video,travel,The service has been frustrating for a small business.,negative,complaint_or_problem_report,0
972,Instagram,post,sports,Could you add keyboard shortcuts while comparing different options.,neutral,feature_or_content_request,0
853,YouTube,video,education,Order now for fast delivery for a small business.,positive,advertisement_or_promotion,1
910,Instagram,post,gaming,Please add a dark mode option before making a decision.,neutral,feature_or_content_request,0
858,Instagram,post,food,Order now for fast delivery in the mobile application.,positive,advertisement_or_promotion,1
587,YouTube,video,travel,I followed the instructions carefully after reading the description.,neutral,user_experience_feedback,0
999,YouTube,video,news,An offline mode would be helpful for my current project.,neutral,feature_or_content_request,0
317,YouTube,video,education,Claim your free reward now after reading the description.,positive,giveaway_or_reward_scam,1
36,Instagram,post,sports,The quality is much worse than expected for a beginner.,negative,complaint_or_problem_report,0
251,YouTube,video,travel,Can someone clarify the final step after trying the latest update.,neutral,question_or_information_request,0
332,Instagram,post,sports,You are eligible for an exclusive bonus while comparing different options.,positive,giveaway_or_reward_scam,1
337,YouTube,video,music,You are eligible for an exclusive bonus after reading the description.,positive,giveaway_or_reward_scam,1
1030,Instagram,post,gaming,Get an instant certificate without an exam before making a decision.,positive,fraudulent_service_offer,1
956,Instagram,post,sports,Please provide a shorter version for a beginner.,neutral,feature_or_content_request,0
4,Instagram,post,sports,The app keeps crashing on my phone.,negative,complaint_or_problem_report,0
706,Instagram,post,food,Earn money quickly with this method for a beginner.,positive,financial_promotion,1
599,YouTube,video,news,My experience may help other users for my current project.,neutral,user_experience_feedback,0
162,Instagram,post,food,I appreciate the effort while comparing different options.,positive,praise_or_appreciation,0
190,Instagram,post,gaming,The examples are very useful before making a decision.,positive,praise_or_appreciation,0
471,YouTube,video,news,Subscribe for more content after trying the latest update.,neutral,engagement_bait,1
47,YouTube,video,news,The service has been frustrating after reading the description.,negative,complaint_or_problem_report,0
301,YouTube,video,education,You have won a special prize after trying the latest update.,positive,giveaway_or_reward_scam,1
249,YouTube,video,music,Where can I find the documentation for my current project.,neutral,question_or_information_request,0
955,YouTube,video,travel,Please provide a shorter version during the weekend.,neutral,feature_or_content_request,0
549,YouTube,video,education,I used this with a different setup for my current project.,neutral,user_experience_feedback,0
391,YouTube,video,news,Click to unlock your cash reward after trying the latest update.,positive,giveaway_or_reward_scam,1
687,YouTube,video,news,I would like to hear other opinions after reading the description.,neutral,general_discussion,0
57,YouTube,video,music,The result contains an error after reading the description.,negative,complaint_or_problem_report,0
1050,Instagram,post,food,Contact me for confidential account access before making a decision.,positive,fraudulent_service_offer,1
646,Instagram,post,gaming,I agree that more context is needed for a beginner.,neutral,general_discussion,0
262,Instagram,post,gaming,What are the requirements while comparing different options.,neutral,question_or_information_request,0
902,Instagram,post,gaming,Please add a dark mode option while comparing different options.,neutral,feature_or_content_request,0
995,YouTube,video,travel,An offline mode would be helpful during the weekend.,neutral,feature_or_content_request,0
584,Instagram,post,technology,I followed the instructions carefully on my phone.,neutral,user_experience_feedback,0
938,Instagram,post,food,It would be useful to have an export button in the mobile application.,neutral,feature_or_content_request,0
565,YouTube,video,education,I tested the example with new data during the weekend.,neutral,user_experience_feedback,0
415,YouTube,video,news,Subscribe and comment DONE during the weekend.,neutral,engagement_bait,1
1086,Instagram,post,gaming,Message me for a shortcut to approval for a beginner.,positive,fraudulent_service_offer,1
204,Instagram,post,sports,Could you explain this part on my phone.,neutral,question_or_information_request,0
878,Instagram,post,gaming,Use this offer before it expires in the mobile application.,positive,advertisement_or_promotion,1
236,Instagram,post,sports,How does this work for a beginner.,neutral,question_or_information_request,0
221,YouTube,video,education,Is this available everywhere after trying the latest update.,neutral,question_or_information_request,0
316,Instagram,post,sports,Claim your free reward now for a beginner.,positive,giveaway_or_reward_scam,1
519,YouTube,video,news,I tried the suggested method for my current project.,neutral,user_experience_feedback,0
403,YouTube,video,travel,Follow my account and I will follow back for a small business.,neutral,engagement_bait,1
607,YouTube,video,news,This is an interesting perspective after reading the description.,neutral,general_discussion,0
443,YouTube,video,travel,Comment YES to get noticed for a small business.,neutral,engagement_bait,1
1047,YouTube,video,news,Contact me for confidential account access after reading the description.,positive,fraudulent_service_offer,1
816,Instagram,post,technology,Get premium access at a lower price for a beginner.,positive,advertisement_or_promotion,1
252,Instagram,post,sports,Can someone clarify the final step while comparing different options.,neutral,question_or_information_request,0
487,YouTube,video,news,Like and share this message after reading the description.,neutral,engagement_bait,1
527,YouTube,video,news,My experience was reasonable after reading the description.,neutral,user_experience_feedback,0
195,YouTube,video,travel,This is one of the best posts during the weekend.,positive,praise_or_appreciation,0
688,Instagram,post,technology,I would like to hear other opinions in the mobile application.,neutral,general_discussion,0
977,YouTube,video,music,Could you add keyboard shortcuts after reading the description.,neutral,feature_or_content_request,0
16,Instagram,post,technology,This feature is not working correctly for a beginner.,negative,complaint_or_problem_report,0
38,Instagram,post,gaming,The quality is much worse than expected in the mobile application.,negative,complaint_or_problem_report,0
257,YouTube,video,music,Can someone clarify the final step after reading the description.,neutral,question_or_information_request,0
631,YouTube,video,news,The discussion raises an important point after trying the latest update.,neutral,general_discussion,0
894,Instagram,post,gaming,Explore the featured service online on my phone.,positive,advertisement_or_promotion,1
278,Instagram,post,gaming,When will the next version be released in the mobile application.,neutral,question_or_information_request,0
788,Instagram,post,sports,Claim a limited financial opportunity in the mobile application.,positive,financial_promotion,1
513,YouTube,video,music,I tried the suggested method for a small business.,neutral,user_experience_feedback,0
1015,YouTube,video,news,Buy leaked answers from my private group during the weekend.,positive,fraudulent_service_offer,1
297,YouTube,video,music,Which option should I choose after reading the description.,neutral,question_or_information_request,0
869,YouTube,video,education,Check our profile for exclusive products for my current project.,positive,advertisement_or_promotion,1
865,YouTube,video,music,Check our profile for exclusive products during the weekend.,positive,advertisement_or_promotion,1
313,YouTube,video,music,Claim your free reward now for a small business.,positive,giveaway_or_reward_scam,1
883,YouTube,video,travel,Join our newsletter for updates for a small business.,positive,advertisement_or_promotion,1
207,YouTube,video,news,Could you explain this part after reading the description.,neutral,question_or_information_request,0
990,Instagram,post,gaming,Please include the source code before making a decision.,neutral,feature_or_content_request,0
52,Instagram,post,sports,The result contains an error while comparing different options.,negative,complaint_or_problem_report,0
269,YouTube,video,education,What are the requirements for my current project.,neutral,question_or_information_request,0
647,YouTube,video,news,I agree that more context is needed after reading the description.,neutral,general_discussion,0
915,YouTube,video,travel,Could you include more examples during the weekend.,neutral,feature_or_content_request,0
245,YouTube,video,education,Where can I find the documentation during the weekend.,neutral,question_or_information_request,0
753,YouTube,video,music,Invest now for an exclusive bonus for a small business.,positive,financial_promotion,1
45,YouTube,video,education,The service has been frustrating during the weekend.,negative,complaint_or_problem_report,0
1049,YouTube,video,music,Contact me for confidential account access for my current project.,positive,fraudulent_service_offer,1
275,YouTube,video,travel,When will the next version be released during the weekend.,neutral,question_or_information_request,0
428,Instagram,post,sports,Share this with your friends in the mobile application.,neutral,engagement_bait,1
567,YouTube,video,news,I tested the example with new data after reading the description.,neutral,user_experience_feedback,0
1034,Instagram,post,food,Pay a small fee for guaranteed approval on my phone.,positive,fraudulent_service_offer,1
12,Instagram,post,sports,This feature is not working correctly while comparing different options.,negative,complaint_or_problem_report,0
465,YouTube,video,music,Tag three people to participate during the weekend.,neutral,engagement_bait,1
670,Instagram,post,gaming,Different users may have different experiences before making a decision.,neutral,general_discussion,0
271,YouTube,video,news,When will the next version be released after trying the latest update.,neutral,question_or_information_request,0
919,YouTube,video,news,Could you include more examples for my current project.,neutral,feature_or_content_request,0
228,Instagram,post,sports,Is this available everywhere in the mobile application.,neutral,question_or_information_request,0
86,Instagram,post,gaming,The product feels unreliable for a beginner.,negative,complaint_or_problem_report,0
267,YouTube,video,travel,What are the requirements after reading the description.,neutral,question_or_information_request,0
91,YouTube,video,travel,I cannot use this properly after trying the latest update.,negative,complaint_or_problem_report,0
18,Instagram,post,food,This feature is not working correctly in the mobile application.,negative,complaint_or_problem_report,0
276,Instagram,post,sports,When will the next version be released for a beginner.,neutral,question_or_information_request,0
1020,Instagram,post,sports,Buy leaked answers from my private group before making a decision.,positive,fraudulent_service_offer,1
436,Instagram,post,sports,Like this post for a surprise for a beginner.,neutral,engagement_bait,1
721,YouTube,video,music,Double your investment with this offer after trying the latest update.,positive,financial_promotion,1
702,Instagram,post,gaming,Earn money quickly with this method while comparing different options.,positive,financial_promotion,1
976,Instagram,post,technology,Could you add keyboard shortcuts for a beginner.,neutral,feature_or_content_request,0
92,Instagram,post,sports,I cannot use this properly while comparing different options.,negative,complaint_or_problem_report,0
335,YouTube,video,news,You are eligible for an exclusive bonus during the weekend.,positive,giveaway_or_reward_scam,1
507,YouTube,video,travel,I tested this and it worked as expected after reading the description.,neutral,user_experience_feedback,0
585,YouTube,video,music,I followed the instructions carefully during the weekend.,neutral,user_experience_feedback,0
645,YouTube,video,education,I agree that more context is needed during the weekend.,neutral,general_discussion,0
907,YouTube,video,travel,Please add a dark mode option after reading the description.,neutral,feature_or_content_request,0
897,YouTube,video,music,Explore the featured service online after reading the description.,positive,advertisement_or_promotion,1
416,Instagram,post,technology,Subscribe and comment DONE for a beginner.,neutral,engagement_bait,1
265,YouTube,video,music,What are the requirements during the weekend.,neutral,question_or_information_request,0
433,YouTube,video,music,Like this post for a surprise for a small business.,neutral,engagement_bait,1
996,Instagram,post,sports,An offline mode would be helpful for a beginner.,neutral,feature_or_content_request,0
277,YouTube,video,education,When will the next version be released after reading the description.,neutral,question_or_information_request,0
1084,Instagram,post,sports,Message me for a shortcut to approval on my phone.,positive,fraudulent_service_offer,1
41,YouTube,video,music,The service has been frustrating after trying the latest update.,negative,complaint_or_problem_report,0
279,YouTube,video,news,When will the next version be released for my current project.,neutral,question_or_information_request,0
1059,YouTube,video,travel,I can provide restricted interview questions for my current project.,positive,fraudulent_service_offer,1
778,Instagram,post,food,Our members are earning every day in the mobile application.,positive,financial_promotion,1
108,Instagram,post,sports,This is excellent in the mobile application.,positive,praise_or_appreciation,0
235,YouTube,video,travel,How does this work during the weekend.,neutral,question_or_information_request,0
116,Instagram,post,sports,I really enjoyed this for a beginner.,positive,praise_or_appreciation,0
66,Instagram,post,food,This experience has been disappointing for a beginner.,negative,complaint_or_problem_report,0
686,Instagram,post,gaming,I would like to hear other opinions for a beginner.,neutral,general_discussion,0
303,YouTube,video,news,You have won a special prize for a small business.,positive,giveaway_or_reward_scam,1
731,YouTube,video,travel,Start earning from home today after trying the latest update.,positive,financial_promotion,1
340,Instagram,post,sports,You are eligible for an exclusive bonus before making a decision.,positive,giveaway_or_reward_scam,1
394,Instagram,post,food,Click to unlock your cash reward on my phone.,positive,giveaway_or_reward_scam,1
19,YouTube,video,travel,This feature is not working correctly for my current project.,negative,complaint_or_problem_report,0
917,YouTube,video,education,Could you include more examples after reading the description.,neutral,feature_or_content_request,0
1013,YouTube,video,education,Buy leaked answers from my private group for a small business.,positive,fraudulent_service_offer,1
568,Instagram,post,technology,I tested the example with new data in the mobile application.,neutral,user_experience_feedback,0
347,YouTube,video,travel,Collect your free gift today after reading the description.,positive,giveaway_or_reward_scam,1
723,YouTube,video,travel,Double your investment with this offer for a small business.,positive,financial_promotion,1
658,Instagram,post,food,This topic deserves further discussion in the mobile application.,neutral,general_discussion,0
95,YouTube,video,news,I cannot use this properly during the weekend.,negative,complaint_or_problem_report,0
947,YouTube,video,travel,Can you add subtitles to the video after reading the description.,neutral,feature_or_content_request,0
366,Instagram,post,gaming,A reward is waiting for you for a beginner.,positive,giveaway_or_reward_scam,1
201,YouTube,video,music,Could you explain this part after trying the latest update.,neutral,question_or_information_request,0
432,Instagram,post,technology,Like this post for a surprise while comparing different options.,neutral,engagement_bait,1
348,Instagram,post,sports,Collect your free gift today in the mobile application.,positive,giveaway_or_reward_scam,1
414,Instagram,post,gaming,Subscribe and comment DONE on my phone.,neutral,engagement_bait,1
943,YouTube,video,news,Can you add subtitles to the video for a small business.,neutral,feature_or_content_request,0
442,Instagram,post,food,Comment YES to get noticed while comparing different options.,neutral,engagement_bait,1
872,Instagram,post,technology,Use this offer before it expires while comparing different options.,positive,advertisement_or_promotion,1
230,Instagram,post,gaming,Is this available everywhere before making a decision.,neutral,question_or_information_request,0
916,Instagram,post,sports,Could you include more examples for a beginner.,neutral,feature_or_content_request,0
499,YouTube,video,travel,Support my page and I will support yours for my current project.,neutral,engagement_bait,1
928,Instagram,post,technology,Please support additional languages in the mobile application.,neutral,feature_or_content_request,0
97,YouTube,video,music,I cannot use this properly after reading the description.,negative,complaint_or_problem_report,0
225,YouTube,video,music,Is this available everywhere during the weekend.,neutral,question_or_information_request,0
479,YouTube,video,news,Subscribe for more content for my current project.,neutral,engagement_bait,1
851,YouTube,video,travel,Order now for fast delivery after trying the latest update.,positive,advertisement_or_promotion,1
260,Instagram,post,sports,Can someone clarify the final step before making a decision.,neutral,question_or_information_request,0
147,YouTube,video,travel,This helped me a lot after reading the description.,positive,praise_or_appreciation,0
375,YouTube,video,news,Register now to receive your prize during the weekend.,positive,giveaway_or_reward_scam,1
1035,YouTube,video,travel,Pay a small fee for guaranteed approval during the weekend.,positive,fraudulent_service_offer,1
890,Instagram,post,food,Join our newsletter for updates before making a decision.,positive,advertisement_or_promotion,1
311,YouTube,video,news,Claim your free reward now after trying the latest update.,positive,giveaway_or_reward_scam,1
746,Instagram,post,food,Get guaranteed returns through this program for a beginner.,positive,financial_promotion,1
755,YouTube,video,travel,Invest now for an exclusive bonus during the weekend.,positive,financial_promotion,1
439,YouTube,video,news,Like this post for a surprise for my current project.,neutral,engagement_bait,1
980,Instagram,post,sports,Could you add keyboard shortcuts before making a decision.,neutral,feature_or_content_request,0
75,YouTube,video,travel,The content leaves out important details during the weekend.,negative,complaint_or_problem_report,0
324,Instagram,post,sports,Your account was selected for a gift on my phone.,positive,giveaway_or_reward_scam,1
1076,Instagram,post,sports,Get professional credentials without training for a beginner.,positive,fraudulent_service_offer,1
1056,Instagram,post,technology,I can provide restricted interview questions for a beginner.,positive,fraudulent_service_offer,1
1024,Instagram,post,technology,Get an instant certificate without an exam on my phone.,positive,fraudulent_service_offer,1
427,YouTube,video,travel,Share this with your friends after reading the description.,neutral,engagement_bait,1
981,YouTube,video,education,Please include the source code after trying the latest update.,neutral,feature_or_content_request,0
459,YouTube,video,travel,Follow for daily updates for my current project.,neutral,engagement_bait,1
208,Instagram,post,technology,Could you explain this part in the mobile application.,neutral,question_or_information_request,0
930,Instagram,post,food,Please support additional languages before making a decision.,neutral,feature_or_content_request,0
783,YouTube,video,news,Claim a limited financial opportunity for a small business.,positive,financial_promotion,1
536,Instagram,post,technology,The first attempt was successful for a beginner.,neutral,user_experience_feedback,0
994,Instagram,post,food,An offline mode would be helpful on my phone.,neutral,feature_or_content_request,0
696,Instagram,post,technology,This connects with a similar discussion for a beginner.,neutral,general_discussion,0
789,YouTube,video,education,Claim a limited financial opportunity for my current project.,positive,financial_promotion,1
547,YouTube,video,travel,I used this with a different setup after reading the description.,neutral,user_experience_feedback,0
521,YouTube,video,music,My experience was reasonable after trying the latest update.,neutral,user_experience_feedback,0
695,YouTube,video,news,This connects with a similar discussion during the weekend.,neutral,general_discussion,0
873,YouTube,video,music,Use this offer before it expires for a small business.,positive,advertisement_or_promotion,1
790,Instagram,post,gaming,Claim a limited financial opportunity before making a decision.,positive,financial_promotion,1
525,YouTube,video,education,My experience was reasonable during the weekend.,neutral,user_experience_feedback,0
621,YouTube,video,education,There are several sides to this issue after trying the latest update.,neutral,general_discussion,0
518,Instagram,post,gaming,I tried the suggested method in the mobile application.,neutral,user_experience_feedback,0
1016,Instagram,post,technology,Buy leaked answers from my private group for a beginner.,positive,fraudulent_service_offer,1
819,YouTube,video,travel,Get premium access at a lower price for my current project.,positive,advertisement_or_promotion,1
454,Instagram,post,gaming,Follow for daily updates on my phone.,neutral,engagement_bait,1
65,YouTube,video,music,This experience has been disappointing during the weekend.,negative,complaint_or_problem_report,0
748,Instagram,post,sports,Get guaranteed returns through this program in the mobile application.,positive,financial_promotion,1
576,Instagram,post,technology,This worked after restarting the app for a beginner.,neutral,user_experience_feedback,0
464,Instagram,post,technology,Tag three people to participate on my phone.,neutral,engagement_bait,1
520,Instagram,post,technology,I tried the suggested method before making a decision.,neutral,user_experience_feedback,0
101,YouTube,video,education,This is excellent after trying the latest update.,positive,praise_or_appreciation,0
44,Instagram,post,sports,The service has been frustrating on my phone.,negative,complaint_or_problem_report,0
284,Instagram,post,sports,Does this support beginners on my phone.,neutral,question_or_information_request,0
1046,Instagram,post,gaming,Contact me for confidential account access for a beginner.,positive,fraudulent_service_offer,1
255,YouTube,video,news,Can someone clarify the final step during the weekend.,neutral,question_or_information_request,0
59,YouTube,video,travel,The result contains an error for my current project.,negative,complaint_or_problem_report,0
574,Instagram,post,gaming,This worked after restarting the app on my phone.,neutral,user_experience_feedback,0
109,YouTube,video,education,This is excellent for my current project.,positive,praise_or_appreciation,0
804,Instagram,post,sports,Visit our website for a special offer on my phone.,positive,advertisement_or_promotion,1
569,YouTube,video,music,I tested the example with new data for my current project.,neutral,user_experience_feedback,0
544,Instagram,post,technology,I used this with a different setup on my phone.,neutral,user_experience_feedback,0
830,Instagram,post,gaming,Download the complete guide from our page before making a decision.,positive,advertisement_or_promotion,1
699,YouTube,video,travel,This connects with a similar discussion for my current project.,neutral,general_discussion,0
815,YouTube,video,news,Get premium access at a lower price during the weekend.,positive,advertisement_or_promotion,1
921,YouTube,video,music,Please support additional languages after trying the latest update.,neutral,feature_or_content_request,0
570,Instagram,post,food,I tested the example with new data before making a decision.,neutral,user_experience_feedback,0
124,Instagram,post,sports,The explanation is very clear on my phone.,positive,praise_or_appreciation,0
634,Instagram,post,food,The discussion raises an important point on my phone.,neutral,general_discussion,0
485,YouTube,video,education,Like and share this message during the weekend.,neutral,engagement_bait,1
145,YouTube,video,music,This helped me a lot during the weekend.,positive,praise_or_appreciation,0
1089,YouTube,video,music,Message me for a shortcut to approval for my current project.,positive,fraudulent_service_offer,1
154,Instagram,post,food,The quality is impressive on my phone.,positive,praise_or_appreciation,0
1057,YouTube,video,music,I can provide restricted interview questions after reading the description.,positive,fraudulent_service_offer,1
624,Instagram,post,technology,There are several sides to this issue on my phone.,neutral,general_discussion,0
188,Instagram,post,sports,The examples are very useful in the mobile application.,positive,praise_or_appreciation,0
451,YouTube,video,travel,Follow for daily updates after trying the latest update.,neutral,engagement_bait,1
20,Instagram,post,sports,This feature is not working correctly before making a decision.,negative,complaint_or_problem_report,0
523,YouTube,video,travel,My experience was reasonable for a small business.,neutral,user_experience_feedback,0
537,YouTube,video,music,The first attempt was successful after reading the description.,neutral,user_experience_feedback,0
156,Instagram,post,sports,The quality is impressive for a beginner.,positive,praise_or_appreciation,0
545,YouTube,video,music,I used this with a different setup during the weekend.,neutral,user_experience_feedback,0
1025,YouTube,video,music,Get an instant certificate without an exam during the weekend.,positive,fraudulent_service_offer,1
756,Instagram,post,sports,Invest now for an exclusive bonus for a beginner.,positive,financial_promotion,1
431,YouTube,video,news,Like this post for a surprise after trying the latest update.,neutral,engagement_bait,1
530,Instagram,post,food,My experience was reasonable before making a decision.,neutral,user_experience_feedback,0
598,Instagram,post,gaming,My experience may help other users in the mobile application.,neutral,user_experience_feedback,0
679,YouTube,video,news,That is a reasonable way to look at it for my current project.,neutral,general_discussion,0
470,Instagram,post,gaming,Tag three people to participate before making a decision.,neutral,engagement_bait,1
363,YouTube,video,travel,A reward is waiting for you for a small business.,positive,giveaway_or_reward_scam,1
63,YouTube,video,news,This experience has been disappointing for a small business.,negative,complaint_or_problem_report,0
877,YouTube,video,education,Use this offer before it expires after reading the description.,positive,advertisement_or_promotion,1
952,Instagram,post,technology,Please provide a shorter version while comparing different options.,neutral,feature_or_content_request,0
558,Instagram,post,gaming,The result was different for me in the mobile application.,neutral,user_experience_feedback,0
821,YouTube,video,education,Download the complete guide from our page after trying the latest update.,positive,advertisement_or_promotion,1
334,Instagram,post,gaming,You are eligible for an exclusive bonus on my phone.,positive,giveaway_or_reward_scam,1
601,YouTube,video,music,This is an interesting perspective after trying the latest update.,neutral,general_discussion,0
247,YouTube,video,news,Where can I find the documentation after reading the description.,neutral,question_or_information_request,0
514,Instagram,post,food,I tried the suggested method on my phone.,neutral,user_experience_feedback,0
300,Instagram,post,sports,Which option should I choose before making a decision.,neutral,question_or_information_request,0
218,Instagram,post,food,What tools did you use in the mobile application.,neutral,question_or_information_request,0
258,Instagram,post,food,Can someone clarify the final step in the mobile application.,neutral,question_or_information_request,0
773,YouTube,video,education,Our members are earning every day for a small business.,positive,financial_promotion,1
217,YouTube,video,music,What tools did you use after reading the description.,neutral,question_or_information_request,0
838,Instagram,post,gaming,Try our service with a limited discount in the mobile application.,positive,advertisement_or_promotion,1
998,Instagram,post,gaming,An offline mode would be helpful in the mobile application.,neutral,feature_or_content_request,0
143,YouTube,video,news,This helped me a lot for a small business.,positive,praise_or_appreciation,0
540,Instagram,post,sports,The first attempt was successful before making a decision.,neutral,user_experience_feedback,0
106,Instagram,post,food,This is excellent for a beginner.,positive,praise_or_appreciation,0
666,Instagram,post,food,Different users may have different experiences for a beginner.,neutral,general_discussion,0
744,Instagram,post,technology,Get guaranteed returns through this program on my phone.,positive,financial_promotion,1
15,YouTube,video,news,This feature is not working correctly during the weekend.,negative,complaint_or_problem_report,0
22,Instagram,post,gaming,The instructions are confusing while comparing different options.,negative,complaint_or_problem_report,0
135,YouTube,video,news,The creator did a great job during the weekend.,positive,praise_or_appreciation,0
761,YouTube,video,music,Make passive income using this secret after trying the latest update.,positive,financial_promotion,1
562,Instagram,post,food,I tested the example with new data while comparing different options.,neutral,user_experience_feedback,0
160,Instagram,post,technology,The quality is impressive before making a decision.,positive,praise_or_appreciation,0
359,YouTube,video,news,Congratulations on winning for my current project.,positive,giveaway_or_reward_scam,1
674,Instagram,post,food,That is a reasonable way to look at it on my phone.,neutral,general_discussion,0
891,YouTube,video,travel,Explore the featured service online after trying the latest update.,positive,advertisement_or_promotion,1
611,YouTube,video,travel,I have been thinking about this topic after trying the latest update.,neutral,general_discussion,0
627,YouTube,video,travel,There are several sides to this issue after reading the description.,neutral,general_discussion,0
953,YouTube,video,music,Please provide a shorter version for a small business.,neutral,feature_or_content_request,0
672,Instagram,post,technology,That is a reasonable way to look at it while comparing different options.,neutral,general_discussion,0
477,YouTube,video,education,Subscribe for more content after reading the description.,neutral,engagement_bait,1
605,YouTube,video,education,This is an interesting perspective during the weekend.,neutral,general_discussion,0
908,Instagram,post,sports,Please add a dark mode option in the mobile application.,neutral,feature_or_content_request,0
825,YouTube,video,music,Download the complete guide from our page during the weekend.,positive,advertisement_or_promotion,1
131,YouTube,video,travel,The creator did a great job after trying the latest update.,positive,praise_or_appreciation,0
175,YouTube,video,news,This made my day during the weekend.,positive,praise_or_appreciation,0
163,YouTube,video,travel,I appreciate the effort for a small business.,positive,praise_or_appreciation,0
743,YouTube,video,news,Get guaranteed returns through this program for a small business.,positive,financial_promotion,1
796,Instagram,post,sports,Contact us for instant profit guidance for a beginner.,positive,financial_promotion,1
762,Instagram,post,food,Make passive income using this secret while comparing different options.,positive,financial_promotion,1
985,YouTube,video,music,Please include the source code during the weekend.,neutral,feature_or_content_request,0
475,YouTube,video,travel,Subscribe for more content during the weekend.,neutral,engagement_bait,1
406,Instagram,post,gaming,Follow my account and I will follow back for a beginner.,neutral,engagement_bait,1
740,Instagram,post,sports,Start earning from home today before making a decision.,positive,financial_promotion,1
89,YouTube,video,music,The product feels unreliable for my current project.,negative,complaint_or_problem_report,0
341,YouTube,video,education,Collect your free gift today after trying the latest update.,positive,giveaway_or_reward_scam,1
844,Instagram,post,sports,Discover our new collection today on my phone.,positive,advertisement_or_promotion,1
445,YouTube,video,education,Comment YES to get noticed during the weekend.,neutral,engagement_bait,1
183,YouTube,video,news,The examples are very useful for a small business.,positive,praise_or_appreciation,0
490,Instagram,post,food,Like and share this message before making a decision.,neutral,engagement_bait,1
841,YouTube,video,music,Discover our new collection today after trying the latest update.,positive,advertisement_or_promotion,1
769,YouTube,video,music,Make passive income using this secret for my current project.,positive,financial_promotion,1
729,YouTube,video,music,Double your investment with this offer for my current project.,positive,financial_promotion,1
398,Instagram,post,gaming,Click to unlock your cash reward in the mobile application.,positive,giveaway_or_reward_scam,1
1062,Instagram,post,gaming,Send payment to receive the guaranteed result while comparing different options.,positive,fraudulent_service_offer,1
677,YouTube,video,education,That is a reasonable way to look at it after reading the description.,neutral,general_discussion,0
87,YouTube,video,news,The product feels unreliable after reading the description.,negative,complaint_or_problem_report,0
1072,Instagram,post,technology,Get professional credentials without training while comparing different options.,positive,fraudulent_service_offer,1
817,YouTube,video,music,Get premium access at a lower price after reading the description.,positive,advertisement_or_promotion,1
669,YouTube,video,education,Different users may have different experiences for my current project.,neutral,general_discussion,0
875,YouTube,video,travel,Use this offer before it expires during the weekend.,positive,advertisement_or_promotion,1
2,Instagram,post,food,The app keeps crashing while comparing different options.,negative,complaint_or_problem_report,0
949,YouTube,video,education,Can you add subtitles to the video for my current project.,neutral,feature_or_content_request,0
640,Instagram,post,technology,The discussion raises an important point before making a decision.,neutral,general_discussion,0
495,YouTube,video,news,Support my page and I will support yours during the weekend.,neutral,engagement_bait,1
210,Instagram,post,food,Could you explain this part before making a decision.,neutral,question_or_information_request,0
346,Instagram,post,food,Collect your free gift today for a beginner.,positive,giveaway_or_reward_scam,1
202,Instagram,post,food,Could you explain this part while comparing different options.,neutral,question_or_information_request,0
482,Instagram,post,food,Like and share this message while comparing different options.,neutral,engagement_bait,1
832,Instagram,post,technology,Try our service with a limited discount while comparing different options.,positive,advertisement_or_promotion,1
944,Instagram,post,technology,Can you add subtitles to the video on my phone.,neutral,feature_or_content_request,0
226,Instagram,post,food,Is this available everywhere for a beginner.,neutral,question_or_information_request,0
988,Instagram,post,sports,Please include the source code in the mobile application.,neutral,feature_or_content_request,0
374,Instagram,post,gaming,Register now to receive your prize on my phone.,positive,giveaway_or_reward_scam,1
358,Instagram,post,gaming,Congratulations on winning in the mobile application.,positive,giveaway_or_reward_scam,1
1055,YouTube,video,news,I can provide restricted interview questions during the weekend.,positive,fraudulent_service_offer,1
1080,Instagram,post,technology,Get professional credentials without training before making a decision.,positive,fraudulent_service_offer,1
353,YouTube,video,music,Congratulations on winning for a small business.,positive,giveaway_or_reward_scam,1
620,Instagram,post,sports,I have been thinking about this topic before making a decision.,neutral,general_discussion,0
710,Instagram,post,gaming,Earn money quickly with this method before making a decision.,positive,financial_promotion,1
199,YouTube,video,news,This is one of the best posts for my current project.,positive,praise_or_appreciation,0
266,Instagram,post,food,What are the requirements for a beginner.,neutral,question_or_information_request,0
484,Instagram,post,sports,Like and share this message on my phone.,neutral,engagement_bait,1
287,YouTube,video,news,Does this support beginners after reading the description.,neutral,question_or_information_request,0
810,Instagram,post,food,Visit our website for a special offer before making a decision.,positive,advertisement_or_promotion,1
29,YouTube,video,education,The instructions are confusing for my current project.,negative,complaint_or_problem_report,0
30,Instagram,post,gaming,The instructions are confusing before making a decision.,negative,complaint_or_problem_report,0
1023,YouTube,video,news,Get an instant certificate without an exam for a small business.,positive,fraudulent_service_offer,1
959,YouTube,video,news,Please provide a shorter version for my current project.,neutral,feature_or_content_request,0
505,YouTube,video,music,I tested this and it worked as expected during the weekend.,neutral,user_experience_feedback,0
855,YouTube,video,news,Order now for fast delivery during the weekend.,positive,advertisement_or_promotion,1
205,YouTube,video,education,Could you explain this part during the weekend.,neutral,question_or_information_request,0
233,YouTube,video,music,How does this work for a small business.,neutral,question_or_information_request,0
823,YouTube,video,news,Download the complete guide from our page for a small business.,positive,advertisement_or_promotion,1
991,YouTube,video,news,An offline mode would be helpful after trying the latest update.,neutral,feature_or_content_request,0
936,Instagram,post,technology,It would be useful to have an export button for a beginner.,neutral,feature_or_content_request,0
246,Instagram,post,gaming,Where can I find the documentation for a beginner.,neutral,question_or_information_request,0
826,Instagram,post,food,Download the complete guide from our page for a beginner.,positive,advertisement_or_promotion,1
1064,Instagram,post,technology,Send payment to receive the guaranteed result on my phone.,positive,fraudulent_service_offer,1
862,Instagram,post,gaming,Check our profile for exclusive products while comparing different options.,positive,advertisement_or_promotion,1
808,Instagram,post,technology,Visit our website for a special offer in the mobile application.,positive,advertisement_or_promotion,1
831,YouTube,video,news,Try our service with a limited discount after trying the latest update.,positive,advertisement_or_promotion,1
628,Instagram,post,sports,There are several sides to this issue in the mobile application.,neutral,general_discussion,0
850,Instagram,post,food,Discover our new collection today before making a decision.,positive,advertisement_or_promotion,1
652,Instagram,post,sports,This topic deserves further discussion while comparing different options.,neutral,general_discussion,0
1041,YouTube,video,music,Contact me for confidential account access after trying the latest update.,positive,fraudulent_service_offer,1
515,YouTube,video,travel,I tried the suggested method during the weekend.,neutral,user_experience_feedback,0
798,Instagram,post,gaming,Contact us for instant profit guidance in the mobile application.,positive,financial_promotion,1
555,YouTube,video,travel,The result was different for me during the weekend.,neutral,user_experience_feedback,0
546,Instagram,post,food,I used this with a different setup for a beginner.,neutral,user_experience_feedback,0
229,YouTube,video,education,Is this available everywhere for my current project.,neutral,question_or_information_request,0
791,YouTube,video,news,Contact us for instant profit guidance after trying the latest update.,positive,financial_promotion,1
365,YouTube,video,education,A reward is waiting for you during the weekend.,positive,giveaway_or_reward_scam,1
172,Instagram,post,sports,This made my day while comparing different options.,positive,praise_or_appreciation,0
376,Instagram,post,technology,Register now to receive your prize for a beginner.,positive,giveaway_or_reward_scam,1
531,YouTube,video,travel,The first attempt was successful after trying the latest update.,neutral,user_experience_feedback,0
268,Instagram,post,sports,What are the requirements in the mobile application.,neutral,question_or_information_request,0
713,YouTube,video,music,Join our group for daily profit signals for a small business.,positive,financial_promotion,1
94,Instagram,post,gaming,I cannot use this properly on my phone.,negative,complaint_or_problem_report,0
659,YouTube,video,travel,This topic deserves further discussion for my current project.,neutral,general_discussion,0
306,Instagram,post,food,You have won a special prize for a beginner.,positive,giveaway_or_reward_scam,1
868,Instagram,post,sports,Check our profile for exclusive products in the mobile application.,positive,advertisement_or_promotion,1
777,YouTube,video,music,Our members are earning every day after reading the description.,positive,financial_promotion,1
28,Instagram,post,sports,The instructions are confusing in the mobile application.,negative,complaint_or_problem_report,0
557,YouTube,video,education,The result was different for me after reading the description.,neutral,user_experience_feedback,0
707,YouTube,video,travel,Earn money quickly with this method after reading the description.,positive,financial_promotion,1
151,YouTube,video,news,The quality is impressive after trying the latest update.,positive,praise_or_appreciation,0
1068,Instagram,post,sports,Send payment to receive the guaranteed result in the mobile application.,positive,fraudulent_service_offer,1
541,YouTube,video,education,I used this with a different setup after trying the latest update.,neutral,user_experience_feedback,0
211,YouTube,video,travel,What tools did you use after trying the latest update.,neutral,question_or_information_request,0
1008,Instagram,post,technology,DM me for guaranteed job placement in the mobile application.,positive,fraudulent_service_offer,1
529,YouTube,video,music,My experience was reasonable for my current project.,neutral,user_experience_feedback,0
166,Instagram,post,gaming,I appreciate the effort for a beginner.,positive,praise_or_appreciation,0
709,YouTube,video,education,Earn money quickly with this method for my current project.,positive,financial_promotion,1
849,YouTube,video,music,Discover our new collection today for my current project.,positive,advertisement_or_promotion,1
491,YouTube,video,travel,Support my page and I will support yours after trying the latest update.,neutral,engagement_bait,1
272,Instagram,post,technology,When will the next version be released while comparing different options.,neutral,question_or_information_request,0
759,YouTube,video,news,Invest now for an exclusive bonus for my current project.,positive,financial_promotion,1
351,YouTube,video,news,Congratulations on winning after trying the latest update.,positive,giveaway_or_reward_scam,1
768,Instagram,post,technology,Make passive income using this secret in the mobile application.,positive,financial_promotion,1
911,YouTube,video,news,Could you include more examples after trying the latest update.,neutral,feature_or_content_request,0
148,Instagram,post,sports,This helped me a lot in the mobile application.,positive,praise_or_appreciation,0
88,Instagram,post,technology,The product feels unreliable in the mobile application.,negative,complaint_or_problem_report,0
320,Instagram,post,technology,Claim your free reward now before making a decision.,positive,giveaway_or_reward_scam,1
496,Instagram,post,technology,Support my page and I will support yours for a beginner.,neutral,engagement_bait,1
492,Instagram,post,sports,Support my page and I will support yours while comparing different options.,neutral,engagement_bait,1
478,Instagram,post,gaming,Subscribe for more content in the mobile application.,neutral,engagement_bait,1
1051,YouTube,video,travel,I can provide restricted interview questions after trying the latest update.,positive,fraudulent_service_offer,1
1083,YouTube,video,travel,Message me for a shortcut to approval for a small business.,positive,fraudulent_service_offer,1
1093,YouTube,video,education,Purchase exclusive access through my contact for a small business.,positive,fraudulent_service_offer,1
126,Instagram,post,gaming,The explanation is very clear for a beginner.,positive,praise_or_appreciation,0
486,Instagram,post,gaming,Like and share this message for a beginner.,neutral,engagement_bait,1
982,Instagram,post,gaming,Please include the source code while comparing different options.,neutral,feature_or_content_request,0
617,YouTube,video,music,I have been thinking about this topic after reading the description.,neutral,general_discussion,0
1009,YouTube,video,music,DM me for guaranteed job placement for my current project.,positive,fraudulent_service_offer,1
259,YouTube,video,travel,Can someone clarify the final step for my current project.,neutral,question_or_information_request,0
923,YouTube,video,travel,Please support additional languages for a small business.,neutral,feature_or_content_request,0
153,YouTube,video,music,The quality is impressive for a small business.,positive,praise_or_appreciation,0
386,Instagram,post,food,You have been chosen for a giveaway for a beginner.,positive,giveaway_or_reward_scam,1
904,Instagram,post,technology,Please add a dark mode option on my phone.,neutral,feature_or_content_request,0
213,YouTube,video,education,What tools did you use for a small business.,neutral,question_or_information_request,0
933,YouTube,video,education,It would be useful to have an export button for a small business.,neutral,feature_or_content_request,0
73,YouTube,video,music,The content leaves out important details for a small business.,negative,complaint_or_problem_report,0
27,YouTube,video,travel,The instructions are confusing after reading the description.,negative,complaint_or_problem_report,0
629,YouTube,video,education,There are several sides to this issue for my current project.,neutral,general_discussion,0
373,YouTube,video,education,Register now to receive your prize for a small business.,positive,giveaway_or_reward_scam,1
104,Instagram,post,technology,This is excellent on my phone.,positive,praise_or_appreciation,0
550,Instagram,post,gaming,I used this with a different setup before making a decision.,neutral,user_experience_feedback,0
965,YouTube,video,education,I would like a filter for older posts during the weekend.,neutral,feature_or_content_request,0
581,YouTube,video,education,I followed the instructions carefully after trying the latest update.,neutral,user_experience_feedback,0
1,YouTube,video,music,The app keeps crashing after trying the latest update.,negative,complaint_or_problem_report,0
105,YouTube,video,music,This is excellent during the weekend.,positive,praise_or_appreciation,0
54,Instagram,post,gaming,The result contains an error on my phone.,negative,complaint_or_problem_report,0
616,Instagram,post,technology,I have been thinking about this topic for a beginner.,neutral,general_discussion,0
349,YouTube,video,education,Collect your free gift today for my current project.,positive,giveaway_or_reward_scam,1
113,YouTube,video,music,I really enjoyed this for a small business.,positive,praise_or_appreciation,0
167,YouTube,video,news,I appreciate the effort after reading the description.,positive,praise_or_appreciation,0
452,Instagram,post,sports,Follow for daily updates while comparing different options.,neutral,engagement_bait,1
214,Instagram,post,gaming,What tools did you use on my phone.,neutral,question_or_information_request,0
69,YouTube,video,education,This experience has been disappointing for my current project.,negative,complaint_or_problem_report,0
196,Instagram,post,sports,This is one of the best posts for a beginner.,positive,praise_or_appreciation,0
64,Instagram,post,technology,This experience has been disappointing on my phone.,negative,complaint_or_problem_report,0
411,YouTube,video,travel,Subscribe and comment DONE after trying the latest update.,neutral,engagement_bait,1
650,Instagram,post,food,I agree that more context is needed before making a decision.,neutral,general_discussion,0
494,Instagram,post,gaming,Support my page and I will support yours on my phone.,neutral,engagement_bait,1
107,YouTube,video,travel,This is excellent after reading the description.,positive,praise_or_appreciation,0
404,Instagram,post,sports,Follow my account and I will follow back on my phone.,neutral,engagement_bait,1
409,YouTube,video,music,Follow my account and I will follow back for my current project.,neutral,engagement_bait,1
993,YouTube,video,music,An offline mode would be helpful for a small business.,neutral,feature_or_content_request,0
402,Instagram,post,food,Follow my account and I will follow back while comparing different options.,neutral,engagement_bait,1
573,YouTube,video,education,This worked after restarting the app for a small business.,neutral,user_experience_feedback,0
818,Instagram,post,food,Get premium access at a lower price in the mobile application.,positive,advertisement_or_promotion,1
1033,YouTube,video,music,Pay a small fee for guaranteed approval for a small business.,positive,fraudulent_service_offer,1
896,Instagram,post,technology,Explore the featured service online for a beginner.,positive,advertisement_or_promotion,1
799,YouTube,video,news,Contact us for instant profit guidance for my current project.,positive,financial_promotion,1
892,Instagram,post,sports,Explore the featured service online while comparing different options.,positive,advertisement_or_promotion,1
922,Instagram,post,food,Please support additional languages while comparing different options.,neutral,feature_or_content_request,0
468,Instagram,post,sports,Tag three people to participate in the mobile application.,neutral,engagement_bait,1
56,Instagram,post,technology,The result contains an error for a beginner.,negative,complaint_or_problem_report,0
758,Instagram,post,gaming,Invest now for an exclusive bonus in the mobile application.,positive,financial_promotion,1
693,YouTube,video,education,This connects with a similar discussion for a small business.,neutral,general_discussion,0
671,YouTube,video,news,That is a reasonable way to look at it after trying the latest update.,neutral,general_discussion,0
633,YouTube,video,music,The discussion raises an important point for a small business.,neutral,general_discussion,0
528,Instagram,post,technology,My experience was reasonable in the mobile application.,neutral,user_experience_feedback,0
880,Instagram,post,technology,Use this offer before it expires before making a decision.,positive,advertisement_or_promotion,1
708,Instagram,post,sports,Earn money quickly with this method in the mobile application.,positive,financial_promotion,1
1063,YouTube,video,news,Send payment to receive the guaranteed result for a small business.,positive,fraudulent_service_offer,1
327,YouTube,video,news,Your account was selected for a gift after reading the description.,positive,giveaway_or_reward_scam,1
580,Instagram,post,sports,This worked after restarting the app before making a decision.,neutral,user_experience_feedback,0
625,YouTube,video,music,There are several sides to this issue during the weekend.,neutral,general_discussion,0
379,YouTube,video,travel,Register now to receive your prize for my current project.,positive,giveaway_or_reward_scam,1
548,Instagram,post,sports,I used this with a different setup in the mobile application.,neutral,user_experience_feedback,0
430,Instagram,post,gaming,Share this with your friends before making a decision.,neutral,engagement_bait,1
1044,Instagram,post,sports,Contact me for confidential account access on my phone.,positive,fraudulent_service_offer,1
5,YouTube,video,education,The app keeps crashing during the weekend.,negative,complaint_or_problem_report,0
289,YouTube,video,music,Does this support beginners for my current project.,neutral,question_or_information_request,0
270,Instagram,post,gaming,What are the requirements before making a decision.,neutral,question_or_information_request,0
187,YouTube,video,travel,The examples are very useful after reading the description.,positive,praise_or_appreciation,0
604,Instagram,post,sports,This is an interesting perspective on my phone.,neutral,general_discussion,0
852,Instagram,post,sports,Order now for fast delivery while comparing different options.,positive,advertisement_or_promotion,1
497,YouTube,video,music,Support my page and I will support yours after reading the description.,neutral,engagement_bait,1
13,YouTube,video,education,This feature is not working correctly for a small business.,negative,complaint_or_problem_report,0
239,YouTube,video,news,How does this work for my current project.,neutral,question_or_information_request,0
675,YouTube,video,travel,That is a reasonable way to look at it during the weekend.,neutral,general_discussion,0
238,Instagram,post,gaming,How does this work in the mobile application.,neutral,question_or_information_request,0
968,Instagram,post,technology,I would like a filter for older posts in the mobile application.,neutral,feature_or_content_request,0
181,YouTube,video,education,The examples are very useful after trying the latest update.,positive,praise_or_appreciation,0
85,YouTube,video,education,The product feels unreliable during the weekend.,negative,complaint_or_problem_report,0
155,YouTube,video,travel,The quality is impressive during the weekend.,positive,praise_or_appreciation,0
237,YouTube,video,education,How does this work after reading the description.,neutral,question_or_information_request,0
390,Instagram,post,gaming,You have been chosen for a giveaway before making a decision.,positive,giveaway_or_reward_scam,1
906,Instagram,post,food,Please add a dark mode option for a beginner.,neutral,feature_or_content_request,0
700,Instagram,post,sports,This connects with a similar discussion before making a decision.,neutral,general_discussion,0
368,Instagram,post,technology,A reward is waiting for you in the mobile application.,positive,giveaway_or_reward_scam,1
426,Instagram,post,food,Share this with your friends for a beginner.,neutral,engagement_bait,1
724,Instagram,post,sports,Double your investment with this offer on my phone.,positive,financial_promotion,1
286,Instagram,post,gaming,Does this support beginners for a beginner.,neutral,question_or_information_request,0
564,Instagram,post,sports,I tested the example with new data on my phone.,neutral,user_experience_feedback,0
885,YouTube,video,education,Join our newsletter for updates during the weekend.,positive,advertisement_or_promotion,1
441,YouTube,video,music,Comment YES to get noticed after trying the latest update.,neutral,engagement_bait,1
839,YouTube,video,news,Try our service with a limited discount for my current project.,positive,advertisement_or_promotion,1
1029,YouTube,video,education,Get an instant certificate without an exam for my current project.,positive,fraudulent_service_offer,1
905,YouTube,video,music,Please add a dark mode option during the weekend.,neutral,feature_or_content_request,0
285,YouTube,video,education,Does this support beginners during the weekend.,neutral,question_or_information_request,0
563,YouTube,video,travel,I tested the example with new data for a small business.,neutral,user_experience_feedback,0
412,Instagram,post,sports,Subscribe and comment DONE while comparing different options.,neutral,engagement_bait,1
460,Instagram,post,sports,Follow for daily updates before making a decision.,neutral,engagement_bait,1
171,YouTube,video,travel,This made my day after trying the latest update.,positive,praise_or_appreciation,0
83,YouTube,video,travel,The product feels unreliable for a small business.,negative,complaint_or_problem_report,0
1053,YouTube,video,education,I can provide restricted interview questions for a small business.,positive,fraudulent_service_offer,1
893,YouTube,video,education,Explore the featured service online for a small business.,positive,advertisement_or_promotion,1
939,YouTube,video,travel,It would be useful to have an export button for my current project.,neutral,feature_or_content_request,0
401,YouTube,video,music,Follow my account and I will follow back after trying the latest update.,neutral,engagement_bait,1
408,Instagram,post,technology,Follow my account and I will follow back in the mobile application.,neutral,engagement_bait,1
1081,YouTube,video,music,Message me for a shortcut to approval after trying the latest update.,positive,fraudulent_service_offer,1
757,YouTube,video,education,Invest now for an exclusive bonus after reading the description.,positive,financial_promotion,1
133,YouTube,video,education,The creator did a great job for a small business.,positive,praise_or_appreciation,0
295,YouTube,video,news,Which option should I choose during the weekend.,neutral,question_or_information_request,0
787,YouTube,video,travel,Claim a limited financial opportunity after reading the description.,positive,financial_promotion,1
224,Instagram,post,technology,Is this available everywhere on my phone.,neutral,question_or_information_request,0
61,YouTube,video,education,This experience has been disappointing after trying the latest update.,negative,complaint_or_problem_report,0
506,Instagram,post,food,I tested this and it worked as expected for a beginner.,neutral,user_experience_feedback,0
120,Instagram,post,technology,I really enjoyed this before making a decision.,positive,praise_or_appreciation,0
626,Instagram,post,food,There are several sides to this issue for a beginner.,neutral,general_discussion,0
173,YouTube,video,education,This made my day for a small business.,positive,praise_or_appreciation,0
364,Instagram,post,sports,A reward is waiting for you on my phone.,positive,giveaway_or_reward_scam,1
473,YouTube,video,music,Subscribe for more content for a small business.,neutral,engagement_bait,1
964,Instagram,post,sports,I would like a filter for older posts on my phone.,neutral,feature_or_content_request,0
24,Instagram,post,technology,The instructions are confusing on my phone.,negative,complaint_or_problem_report,0
356,Instagram,post,sports,Congratulations on winning for a beginner.,positive,giveaway_or_reward_scam,1
685,YouTube,video,education,I would like to hear other opinions during the weekend.,neutral,general_discussion,0
909,YouTube,video,education,Please add a dark mode option for my current project.,neutral,feature_or_content_request,0
396,Instagram,post,sports,Click to unlock your cash reward for a beginner.,positive,giveaway_or_reward_scam,1
734,Instagram,post,gaming,Start earning from home today on my phone.,positive,financial_promotion,1
292,Instagram,post,sports,Which option should I choose while comparing different options.,neutral,question_or_information_request,0
457,YouTube,video,music,Follow for daily updates after reading the description.,neutral,engagement_bait,1
842,Instagram,post,food,Discover our new collection today while comparing different options.,positive,advertisement_or_promotion,1
698,Instagram,post,food,This connects with a similar discussion in the mobile application.,neutral,general_discussion,0
1060,Instagram,post,sports,I can provide restricted interview questions before making a decision.,positive,fraudulent_service_offer,1
592,Instagram,post,technology,My experience may help other users while comparing different options.,neutral,user_experience_feedback,0
663,YouTube,video,news,Different users may have different experiences for a small business.,neutral,general_discussion,0
318,Instagram,post,gaming,Claim your free reward now in the mobile application.,positive,giveaway_or_reward_scam,1
719,YouTube,video,news,Join our group for daily profit signals for my current project.,positive,financial_promotion,1
1094,Instagram,post,gaming,Purchase exclusive access through my contact on my phone.,positive,fraudulent_service_offer,1
125,YouTube,video,education,The explanation is very clear during the weekend.,positive,praise_or_appreciation,0
134,Instagram,post,gaming,The creator did a great job on my phone.,positive,praise_or_appreciation,0
971,YouTube,video,travel,Could you add keyboard shortcuts after trying the latest update.,neutral,feature_or_content_request,0
553,YouTube,video,music,The result was different for me for a small business.,neutral,user_experience_feedback,0
192,Instagram,post,technology,This is one of the best posts while comparing different options.,positive,praise_or_appreciation,0
141,YouTube,video,education,This helped me a lot after trying the latest update.,positive,praise_or_appreciation,0
935,YouTube,video,news,It would be useful to have an export button during the weekend.,neutral,feature_or_content_request,0
1018,Instagram,post,food,Buy leaked answers from my private group in the mobile application.,positive,fraudulent_service_offer,1
718,Instagram,post,gaming,Join our group for daily profit signals in the mobile application.,positive,financial_promotion,1
697,YouTube,video,music,This connects with a similar discussion after reading the description.,neutral,general_discussion,0
643,YouTube,video,travel,I agree that more context is needed for a small business.,neutral,general_discussion,0
159,YouTube,video,news,The quality is impressive for my current project.,positive,praise_or_appreciation,0
81,YouTube,video,music,The product feels unreliable after trying the latest update.,negative,complaint_or_problem_report,0
864,Instagram,post,technology,Check our profile for exclusive products on my phone.,positive,advertisement_or_promotion,1
1002,Instagram,post,food,DM me for guaranteed job placement while comparing different options.,positive,fraudulent_service_offer,1
312,Instagram,post,technology,Claim your free reward now while comparing different options.,positive,giveaway_or_reward_scam,1
701,YouTube,video,education,Earn money quickly with this method after trying the latest update.,positive,financial_promotion,1
338,Instagram,post,food,You are eligible for an exclusive bonus in the mobile application.,positive,giveaway_or_reward_scam,1
1087,YouTube,video,news,Message me for a shortcut to approval after reading the description.,positive,fraudulent_service_offer,1
1070,Instagram,post,gaming,Send payment to receive the guaranteed result before making a decision.,positive,fraudulent_service_offer,1
150,Instagram,post,gaming,This helped me a lot before making a decision.,positive,praise_or_appreciation,0
590,Instagram,post,gaming,I followed the instructions carefully before making a decision.,neutral,user_experience_feedback,0
920,Instagram,post,technology,Could you include more examples before making a decision.,neutral,feature_or_content_request,0
704,Instagram,post,technology,Earn money quickly with this method on my phone.,positive,financial_promotion,1
1014,Instagram,post,gaming,Buy leaked answers from my private group on my phone.,positive,fraudulent_service_offer,1
615,YouTube,video,news,I have been thinking about this topic during the weekend.,neutral,general_discussion,0
168,Instagram,post,technology,I appreciate the effort in the mobile application.,positive,praise_or_appreciation,0
500,Instagram,post,sports,Support my page and I will support yours before making a decision.,neutral,engagement_bait,1
369,YouTube,video,music,A reward is waiting for you for my current project.,positive,giveaway_or_reward_scam,1
509,YouTube,video,education,I tested this and it worked as expected for my current project.,neutral,user_experience_feedback,0
614,Instagram,post,gaming,I have been thinking about this topic on my phone.,neutral,general_discussion,0
741,YouTube,video,education,Get guaranteed returns through this program after trying the latest update.,positive,financial_promotion,1
929,YouTube,video,music,Please support additional languages for my current project.,neutral,feature_or_content_request,0
954,Instagram,post,food,Please provide a shorter version on my phone.,neutral,feature_or_content_request,0
644,Instagram,post,sports,I agree that more context is needed on my phone.,neutral,general_discussion,0
876,Instagram,post,sports,Use this offer before it expires for a beginner.,positive,advertisement_or_promotion,1
1017,YouTube,video,music,Buy leaked answers from my private group after reading the description.,positive,fraudulent_service_offer,1
422,Instagram,post,gaming,Share this with your friends while comparing different options.,neutral,engagement_bait,1
123,YouTube,video,travel,The explanation is very clear for a small business.,positive,praise_or_appreciation,0
129,YouTube,video,music,The explanation is very clear for my current project.,positive,praise_or_appreciation,0
200,Instagram,post,technology,This is one of the best posts before making a decision.,positive,praise_or_appreciation,0
763,YouTube,video,travel,Make passive income using this secret for a small business.,positive,financial_promotion,1
385,YouTube,video,music,You have been chosen for a giveaway during the weekend.,positive,giveaway_or_reward_scam,1
212,Instagram,post,sports,What tools did you use while comparing different options.,neutral,question_or_information_request,0
371,YouTube,video,travel,Register now to receive your prize after trying the latest update.,positive,giveaway_or_reward_scam,1
632,Instagram,post,technology,The discussion raises an important point while comparing different options.,neutral,general_discussion,0
242,Instagram,post,food,Where can I find the documentation while comparing different options.,neutral,question_or_information_request,0
296,Instagram,post,technology,Which option should I choose for a beginner.,neutral,question_or_information_request,0
859,YouTube,video,travel,Order now for fast delivery for my current project.,positive,advertisement_or_promotion,1
594,Instagram,post,food,My experience may help other users on my phone.,neutral,user_experience_feedback,0
273,YouTube,video,music,When will the next version be released for a small business.,neutral,question_or_information_request,0
96,Instagram,post,technology,I cannot use this properly for a beginner.,negative,complaint_or_problem_report,0
453,YouTube,video,education,Follow for daily updates for a small business.,neutral,engagement_bait,1
102,Instagram,post,gaming,This is excellent while comparing different options.,positive,praise_or_appreciation,0
813,YouTube,video,education,Get premium access at a lower price for a small business.,positive,advertisement_or_promotion,1
127,YouTube,video,news,The explanation is very clear after reading the description.,positive,praise_or_appreciation,0
458,Instagram,post,food,Follow for daily updates in the mobile application.,neutral,engagement_bait,1
254,Instagram,post,gaming,Can someone clarify the final step on my phone.,neutral,question_or_information_request,0
122,Instagram,post,food,The explanation is very clear while comparing different options.,positive,praise_or_appreciation,0
870,Instagram,post,gaming,Check our profile for exclusive products before making a decision.,positive,advertisement_or_promotion,1
186,Instagram,post,food,The examples are very useful for a beginner.,positive,praise_or_appreciation,0
493,YouTube,video,education,Support my page and I will support yours for a small business.,neutral,engagement_bait,1
144,Instagram,post,technology,This helped me a lot on my phone.,positive,praise_or_appreciation,0
857,YouTube,video,music,Order now for fast delivery after reading the description.,positive,advertisement_or_promotion,1
889,YouTube,video,music,Join our newsletter for updates for my current project.,positive,advertisement_or_promotion,1
177,YouTube,video,music,This made my day after reading the description.,positive,praise_or_appreciation,0
77,YouTube,video,education,The content leaves out important details after reading the description.,negative,complaint_or_problem_report,0
440,Instagram,post,technology,Like this post for a surprise before making a decision.,neutral,engagement_bait,1
1040,Instagram,post,technology,Pay a small fee for guaranteed approval before making a decision.,positive,fraudulent_service_offer,1
119,YouTube,video,news,I really enjoyed this for my current project.,positive,praise_or_appreciation,0
749,YouTube,video,education,Get guaranteed returns through this program for my current project.,positive,financial_promotion,1
193,YouTube,video,music,This is one of the best posts for a small business.,positive,praise_or_appreciation,0
149,YouTube,video,education,This helped me a lot for my current project.,positive,praise_or_appreciation,0
99,YouTube,video,travel,I cannot use this properly for my current project.,negative,complaint_or_problem_report,0
809,YouTube,video,music,Visit our website for a special offer for my current project.,positive,advertisement_or_promotion,1
309,YouTube,video,education,You have won a special prize for my current project.,positive,giveaway_or_reward_scam,1
664,Instagram,post,technology,Different users may have different experiences on my phone.,neutral,general_discussion,0
